Provincia,Trimestre,Año,Entre 6 Mbps y 10 Mbps,Entre 10 Mbps y 20 Mbps,Entre 20 Mbps y 30 Mbps,Más de 30 Mbps,Total,Porcent_Altas_vel
Chubut,2,2014,0,0,0,0,70514,0
Chubut,1,2014,0,0,0,0,78781,0
San Juan,3,2014,0,0,0,0,546276,0
San Juan,2,2014,0,0,0,0,568129,0
San Juan,1,2014,0,0,0,0,584056,0
San Luis,3,2014,0,0,3000,0,24029,12.484914062174871
Tierra Del Fuego,4,2015,0,0,0,0,333662,0
Tierra Del Fuego,1,2016,0,0,0,0,334003,0
Tierra Del Fuego,3,2016,0,0,0,0,336080,0
Tierra Del Fuego,4,2016,0,0,0,0,336409,0
Tierra Del Fuego,2,2016,0,0,0,0,340773,0
Tierra Del Fuego,1,2017,0,0,0,0,336409,0
Tierra Del Fuego,2,2017,0,0,0,0,336409,0
Tierra Del Fuego,3,2017,0,0,0,0,339858,0
Santa Cruz,4,2014,1000,1000,0,0,183545,1.0896510392546788
Santa Cruz,1,2014,1000,1000,0,0,189597,1.0548690116404795
Santa Cruz,3,2014,1000,1000,0,0,222872,0.8973760723644065
Chubut,1,2016,1066,0,0,0,172557,0.6177668828271238
Formosa,1,2014,1133,67000,0,0,92355,73.77294136754912
La Rioja,1,2014,1165,35000,0,0,60666,59.613292453763236
Formosa,2,2014,1321,85000,0,0,110515,78.1079491471746
Formosa,3,2014,1324,85000,0,0,110850,77.87460532250789
La Rioja,2,2014,1337,61000,0,0,86841,71.78291360071856
La Rioja,3,2014,1337,61000,0,0,86842,71.78208700859031
Chubut,4,2016,1352,0,0,0,480796,0.28120034276491485
Catamarca,1,2014,1672,64000,0,0,107149,61.290352686445985
Chubut,1,2017,1808,0,0,0,480749,0.3760798254390545
Chubut,2,2017,1880,0,0,0,482826,0.389374225911612
Catamarca,3,2014,1915,111000,0,0,154550,73.06049822064057
Catamarca,2,2014,1915,111000,0,0,154553,73.05908005667958
Santa Cruz,2,2014,2000,0,0,0,182011,1.0988346858156925
Tierra Del Fuego,4,2014,2000,0,0,0,328489,0.6088483937057253
Tierra Del Fuego,2,2014,2000,0,0,0,379198,0.5274289421357709
Tierra Del Fuego,3,2014,2000,0,0,0,382348,0.5230836829275948
Santa Cruz,3,2015,2000,0,0,0,249266,0.8023557163833014
Santa Cruz,1,2015,2000,0,0,0,260048,0.7690887836091799
Santa Cruz,2,2015,2000,0,0,0,262519,0.7618496185038035
Tierra Del Fuego,2,2015,2000,0,0,0,338073,0.5915882072806761
Tierra Del Fuego,3,2015,2000,0,0,0,338408,0.5910025767712347
Tierra Del Fuego,1,2015,2000,0,0,0,661319,0.3024259094325129
Tierra Del Fuego,4,2017,2000,0,0,0,349334,0.5725179913778791
Tierra Del Fuego,1,2018,2000,0,0,0,455987,0.4386089954318873
Jujuy,1,2014,2001,56000,0,0,89746,64.6279499922002
Tierra Del Fuego,2,2018,2217,75000,0,0,419129,18.42320622051922
Jujuy,2,2014,2305,82000,0,0,116262,72.51294490031135
Jujuy,3,2014,2305,82000,0,0,242500,34.76494845360825
Chubut,3,2017,2336,3000,0,0,517168,1.0317730408687311
Santiago Del Estero,1,2014,2422,109000,0,0,146004,76.31434755212186
Santiago Del Estero,2,2014,2867,142000,0,0,179854,80.54699923271099
Santiago Del Estero,3,2014,2867,142000,0,0,969607,14.940795600691828
Santa Cruz,4,2015,3000,0,0,0,249338,1.203186036624983
Jujuy,4,2014,3443,465000,0,0,500490,93.59687506243881
Jujuy,1,2015,3939,603000,0,0,639009,94.98129134331441
Santiago Del Estero,4,2014,4359,602000,0,0,640699,94.64022887502556
Corrientes,1,2014,4486,630000,0,0,711585,89.16517352108322
Chaco,1,2014,4644,741000,5000,0,1245362,60.27516497211253
Jujuy,2,2015,4792,730000,0,0,766993,95.80165659921278
Santiago Del Estero,1,2015,4796,748000,0,0,1486168,50.65349274106292
Catamarca,3,2016,4845,1853,50000,0,91919,61.682568348219625
Catamarca,4,2016,4889,2077,54000,0,95963,63.53073580442462
Catamarca,1,2017,4901,2161,49000,0,90251,62.11787127012444
Jujuy,4,2015,5044,1587,0,0,39925,16.608641202254226
Misiones,1,2014,5139,958000,0,0,1575451,61.13417681667027
Jujuy,3,2015,5169,966000,0,0,1004584,96.67374754127081
Corrientes,3,2014,5181,1172,0,0,84518,7.5167419957878785
Jujuy,1,2016,5188,1623,0,0,40295,16.902841543615832
Corrientes,2,2014,5199,956000,0,0,1037981,92.60275477104109
Chaco,2,2014,5418,1085,5000,0,479887,2.3970226324113804
Chaco,3,2014,5428,1274,5000,0,466367,2.5091826823081393
Santiago Del Estero,2,2015,5553,888000,0,0,1628788,54.859994056930674
Jujuy,2,2016,5589,1750,3000,0,46493,22.23775622136666
Santiago Del Estero,4,2015,5669,1856,0,0,741435,1.0149237627034062
Santiago Del Estero,1,2016,5769,1898,0,0,740691,1.0351145079392081
Misiones,2,2014,5924,1334,2000,0,616147,1.50256351162953
Jujuy,3,2016,5943,1978,31000,0,359224,10.834743781039128
Santiago Del Estero,2,2016,5943,2108,1000,0,741964,1.219870505846645
Santiago Del Estero,3,2015,5956,1249,0,0,741695,0.9714235635941997
Tierra Del Fuego,1,2014,6000,0,0,0,655902,0.9147708041750139
Jujuy,4,2016,6143,2134,43000,0,388280,13.20619140826208
Santiago Del Estero,4,2016,6178,2664,15000,0,76013,31.36568744819965
Santiago Del Estero,3,2016,6216,2497,9000,0,71557,24.753692860237294
Santiago Del Estero,1,2017,6218,2786,17000,0,77435,33.581713695357394
Santiago Del Estero,2,2017,6432,2802,16000,0,75157,33.57504956291496
Jujuy,1,2017,6486,2306,44000,0,416829,12.665145659251156
Salta,1,2014,7192,314000,0,0,457930,70.1399777258533
Santa Cruz,1,2016,8000,0,0,0,237188,3.3728519149366747
Salta,2,2014,8293,388000,0,0,532551,74.41409367365755
Salta,3,2014,8314,388000,0,0,1211821,32.704004964429565
San Juan,1,2018,11000,0,3000,0,99204,14.112334180073386
San Juan,2,2018,11000,0,3000,0,100037,13.99482191589112
Tucumán,1,2014,11779,362000,3000,0,500661,75.25631115665091
Tucumán,3,2014,14101,559000,4000,0,700485,82.38591832801558
Tucumán,2,2014,14101,559000,4000,0,700490,82.38533026881183
Tucumán,4,2014,20631,2733,196000,0,350201,62.6394556269114
Tucumán,1,2015,23061,3722,334000,0,578821,62.33066872141819
Tucumán,2,2015,26966,4502,455000,0,702108,69.28677639337538
Tucumán,4,2015,29942,9507,837000,0,1089136,80.47195207944647
Tucumán,3,2015,29998,6232,623000,0,873571,75.4638146183882
Tucumán,1,2016,31490,10046,871000,0,1122636,81.28511823957186
Chubut,3,2014,34000,0,0,0,103065,32.988890505991364
Chubut,4,2014,70000,0,0,0,138468,50.55319640638992
Chubut,1,2015,102000,0,0,0,816509,12.492207679278488
Santa Cruz,2,2016,142000,20000,0,0,463995,34.91416933372127
Chubut,3,2015,167000,0,0,0,885554,18.858251444858247
Chubut,4,2015,168000,0,0,0,870655,19.2958175166972
Chubut,2,2015,168000,0,0,0,885823,18.965414083851968
Santa Cruz,3,2016,221000,52000,9000,0,524904,53.72410955146084
Santa Cruz,4,2016,342000,80000,10000,0,675369,63.965032448927914
Santa Cruz,1,2017,474000,68000,30000,0,816078,70.0913393082524
Santa Cruz,2,2017,541000,66000,33000,0,882913,72.48732321304591
Chubut,3,2016,674000,0,0,0,1219565,55.265606999216935
Chubut,2,2016,775000,0,0,0,1425499,54.366926949790916
Formosa,4,2014,1852,473000,47000,1,545688,95.63211945287416
Formosa,1,2015,2024,878000,157000,1,1060665,97.77120957135382
Formosa,2,2015,2436,1324,257000,1,283796,91.88325416848723
Catamarca,4,2014,2910,421000,0,1,467051,90.76332135034504
Catamarca,1,2015,3202,517000,9000,1,563591,93.89841214639695
Catamarca,2,2015,3776,593000,37000,1,670033,94.58892323213931
Catamarca,4,2015,4106,1313,39000,1,80417,55.23707673750575
Catamarca,3,2015,4143,812000,43000,1,895221,95.97004538544114
La Rioja,1,2018,4217,5831,19000,1,80214,36.21437654274815
Catamarca,1,2016,4241,1334,42000,1,83331,57.09279859836075
Catamarca,2,2016,4567,1496,47000,1,88542,59.93088026021549
Catamarca,2,2017,5325,2342,47000,1,88641,61.67349195067745
Catamarca,3,2017,5758,2563,50000,1,128909,45.242768154279375
Misiones,3,2014,5928,1606,0,1,714682,1.0543150660013825
Jujuy,2,2017,6974,2538,42000,1,395305,13.031203754063316
Mendoza,3,2014,31000,12000,13000,1,258764,21.64172759734739
San Juan,4,2018,180000,312000,1000,1,1182277,41.699280287107
San Juan,3,2018,180000,312000,3000,1,580852,85.21981503033474
Santa Cruz,3,2017,542000,66000,33000,1,881103,72.74983741968873
San Juan,4,2014,0,0,0,2,540630,0.00036993877513271555
San Luis,2,2014,0,0,1000,2,21047,4.760773506913099
San Luis,4,2014,0,0,1000,2,23137,4.330725677486277
San Luis,1,2014,0,1000,0,2,23546,4.255499872589824
San Juan,4,2015,0,0,0,2,450763,0.00044369213977189787
San Juan,3,2015,0,0,0,2,454965,0.00043959425450309364
San Juan,2,2015,0,0,0,2,469570,0.0004259215878356795
San Juan,1,2015,0,0,0,2,504348,0.0003965515873960043
San Luis,4,2015,0,0,1000,2,26475,3.784702549575071
San Luis,2,2015,0,0,1000,2,27206,3.6830111004925383
San Luis,3,2015,0,0,1000,2,27288,3.6719437115215476
San Luis,1,2015,0,1000,0,2,31722,3.158691129184793
San Juan,3,2016,0,0,0,2,311579,0.0006418917834642257
San Juan,1,2016,0,0,0,2,374449,0.0005341181309070128
San Luis,3,2016,0,0,1000,2,26079,3.8421718624180374
San Luis,1,2016,0,0,1000,2,26647,3.760273201486096
San Luis,4,2016,0,0,1000,2,27016,3.708913236600533
San Luis,2,2016,0,0,1000,2,30933,3.239259043739696
San Luis,1,2017,0,0,1000,2,27016,3.708913236600533
San Luis,2,2017,0,0,1000,2,27016,3.708913236600533
San Juan,3,2017,1000,0,2000,2,92661,3.2397664605389536
Formosa,3,2015,2791,1842,379000,2,406372,94.40488025749806
La Rioja,3,2016,3316,1562,11000,2,36915,43.01774346471624
La Rioja,1,2017,3409,1718,22000,2,47193,57.48522026571737
La Rioja,2,2017,3599,1796,24000,2,49255,59.68328088518932
Catamarca,4,2017,5904,2927,43000,2,106481,48.67816793606371
Jujuy,3,2017,7369,2962,41000,2,420891,12.196269342894004
Chaco,4,2014,7908,2600,124000,2,672453,20.00288495998977
San Juan,4,2017,9000,0,2000,2,91589,12.012359562829596
San Luis,1,2018,11000,0,7000,2,197206,9.128525501252497
San Luis,2,2018,11000,0,7000,2,197278,9.125193888826935
Santiago Del Estero,3,2017,18489,3047,30000,2,164261,31.375676514814838
Santiago Del Estero,4,2017,18773,3359,32000,2,141769,38.18465249807786
Santiago Del Estero,1,2018,18914,3449,33000,2,158162,35.00524778391775
Tucumán,2,2016,33891,11310,1032,2,379695,12.176878810624316
San Luis,3,2018,52940,119000,63000,2,422014,55.671612790097015
San Luis,4,2018,53183,119000,62000,2,442984,52.86534050891228
San Luis,1,2019,53214,345000,6000,2,626173,64.55340616730521
San Juan,1,2019,266000,520000,3000,2,1662382,47.46213565835048
La Rioja,4,2014,1943,386000,0,3,411007,94.3891466568696
La Rioja,1,2015,2207,533000,0,3,559790,95.60906768609657
La Rioja,2,2015,2680,641000,0,3,666858,96.52474739749692
La Rioja,4,2015,2937,1215,2000,3,28920,21.282849239280775
La Rioja,1,2016,2980,1254,2000,3,28679,21.74762020990969
La Rioja,3,2015,2984,832000,0,3,857929,97.32588594161055
La Rioja,4,2016,3334,1675,13000,3,38293,47.03731752539629
La Rioja,3,2017,3899,5604,23000,3,90885,35.76607801067283
La Rioja,4,2017,4083,5813,22000,3,83164,38.35674089750373
San Luis,4,2019,4164,525000,55216,3,737571,79.23074524350876
Jujuy,4,2017,7721,3507,44000,3,432161,12.780190715960025
Santa Cruz,4,2017,655000,100000,1000,3,931076,81.19670145079456
Santa Cruz,1,2018,655000,100000,1000,3,934870,80.86717939392642
Santa Cruz,2,2018,655000,100000,1000,3,934870,80.86717939392642
Santa Cruz,3,2018,778000,206000,1000,3,1159818,84.92737653666352
San Juan,4,2016,0,0,0,4,286612,0.0013956149777399412
San Juan,2,2016,0,0,0,4,340593,0.001174422257650627
San Juan,1,2017,0,0,0,4,258592,0.0015468382625912634
San Juan,2,2017,0,0,0,4,266592,0.0015004201176329372
San Juan,2,2019,2177,785000,7000,4,1096213,72.44769036674442
Formosa,4,2015,2704,2713,519000,4,546572,95.94728599342814
Santa Cruz,1,2019,2731,702000,26000,4,905725,80.67956609346105
Santa Cruz,2,2019,3806,1202,28000,4,166873,19.78270900625026
Santa Cruz,3,2019,4472,1203,27000,4,176291,18.536964450822786
Catamarca,1,2018,6145,3539,41000,4,108854,46.56512392746247
Jujuy,1,2018,8044,3925,49000,4,437999,13.920808038374515
Salta,4,2014,12552,1922,0,4,147912,9.788252474444265
Tucumán,3,2016,36518,13150,1288,4,278177,18.31927154293849
Santa Cruz,4,2018,779000,206000,1000,4,1680111,58.68683676257105
La Rioja,2,2016,3190,1344,3000,5,29733,25.355665422258095
Formosa,1,2016,3229,2906,544000,5,571772,96.21667377905878
San Luis,1,2020,4164,525000,58258,5,739824,79.40091156815676
San Luis,2,2019,4964,467000,57236,5,742757,71.24873949353557
San Luis,3,2019,5113,467000,62242,5,746078,71.62253812604044
Salta,1,2015,13955,2569,15000,5,111795,28.202513529227602
Salta,2,2015,16241,3114,29000,5,127240,38.00691606413078
Salta,4,2015,17139,6507,99000,5,200837,61.06992237486121
Salta,3,2015,17451,4318,61000,5,161528,51.24436630181764
Catamarca,2,2018,6112,4347,36000,6,104003,44.6765958674269
Catamarca,3,2018,6358,5320,34000,7,102305,44.655686427838326
Catamarca,4,2018,6425,5461,29000,7,96520,42.36738499792789
Catamarca,1,2019,6443,5606,29000,7,97676,42.0328432777755
San Luis,3,2017,7000,0,1000,7,86332,9.274660612519112
San Luis,4,2017,8000,0,1000,7,183731,4.902275609450773
Jujuy,2,2018,8083,3977,44000,7,433706,12.927420879582021
San Luis,3,2020,3351,2666,61319,8,221460,30.40910322405852
San Luis,2,2020,3585,1934,60889,8,218847,30.348142766407584
Santa Cruz,4,2019,4346,2224,7000,8,462946,2.9329554634881823
Río Negro,1,2014,73000,1062,1000,8,168662,44.50913661642812
Río Negro,2,2014,78000,1569,2000,8,175530,46.47467669344272
San Luis,4,2021,4276,9107,67363,9,444523,18.166664042130552
Chubut,4,2017,5355,7000,5000,9,172353,10.074672329463368
Chubut,1,2018,5358,4000,5000,9,173852,8.263925637898902
Chubut,2,2018,5369,4000,5000,9,176457,8.148160741710445
Corrientes,4,2014,7513,2106,0,9,105670,9.111384498911706
Mendoza,1,2014,19000,10000,6000,9,242664,14.426944252134637
Río Negro,3,2014,87000,1944,8000,9,192650,50.32597975603426
Formosa,2,2016,3569,3218,593000,10,621243,96.54788866836327
Formosa,3,2016,3964,3658,648000,10,677213,96.81326259241922
Catamarca,2,2019,8670,6049,34000,10,144511,33.71992443481811
La Pampa,3,2015,9000,55000,39000,10,776757,13.261547691234195
La Pampa,4,2015,16000,63000,49000,10,781759,16.37461161304187
La Pampa,1,2014,17000,5000,4000,10,72480,35.88576158940398
La Pampa,2,2014,18000,5000,4000,10,74892,36.065267318271644
La Pampa,3,2014,24000,5000,4000,10,87122,37.88939647850141
La Pampa,4,2014,26000,5000,4000,10,84675,41.34632418069087
La Pampa,1,2015,26000,10000,13000,10,108161,45.312081064339274
La Pampa,2,2015,27000,24000,25000,10,136164,55.82239064657325
Mendoza,2,2014,31000,10000,5000,10,253720,18.13416364496295
Tucumán,4,2016,37721,14389,1400,10,247535,21.621184882945848
La Pampa,1,2016,15000,78000,71000,11,653193,25.10911782581871
La Pampa,2,2016,15000,119000,96000,11,733555,31.355658403255383
La Pampa,3,2016,15000,224000,114000,11,792990,44.51645039660021
La Pampa,4,2016,16000,335000,132000,11,917494,52.64459495102965
Mendoza,1,2015,38000,16000,6000,11,540774,11.09724210113652
La Pampa,1,2017,331000,192000,165000,11,1117029,61.59293984310166
Misiones,4,2014,8731,2952,54000,12,677628,9.694847320358663
Mendoza,4,2014,36000,14000,5000,12,546234,10.071141671884211
Tierra Del Fuego,3,2018,2270,231000,24000,13,491852,52.3090279189675
San Luis,1,2022,3837,9802,68612,13,823140,9.993925699152028
San Luis,3,2022,20813,12061,67438,13,488703,20.528828347687657
San Luis,2,2022,21217,11052,67438,13,487375,20.46063093100795
Mendoza,4,2015,38000,41000,5000,13,522732,16.071906827973034
Tucumán,1,2017,39155,15951,1383,13,248654,22.72314139326132
Mendoza,2,2015,42000,16000,5000,13,527464,11.946407716924758
Mendoza,3,2015,45000,18000,5000,13,522443,13.018262279329996
La Rioja,2,2018,4198,5640,20000,15,80916,36.8938158089871
Catamarca,3,2019,9285,6333,72000,15,181233,48.35377663008393
Formosa,4,2016,4114,3855,649000,17,677869,96.91931626907264
Mendoza,1,2016,47000,43000,5000,17,526393,18.05058197962359
Mendoza,3,2016,73000,48000,5000,17,351203,35.8815272079111
Mendoza,3,2017,115000,67000,29000,19,496480,42.50302126973896
Mendoza,2,2016,61000,44000,5000,20,753942,14.592634446681574
Mendoza,4,2016,79000,49000,5000,20,440214,30.217121672641035
Tucumán,2,2017,42536,17788,1371,21,250294,24.657402894196427
La Pampa,2,2017,558000,336000,244000,21,1561699,72.87070043587146
San Luis,3,2021,2405,6491,67942,22,177804,43.22737396234055
San Luis,2,2021,2703,5418,65946,22,182758,40.539401831930746
San Luis,1,2021,2926,4429,62913,22,177096,39.69033744409812
San Luis,4,2020,3490,2688,62239,22,177377,38.583920124931645
Formosa,1,2017,4446,4058,635000,22,664072,96.90605837921188
Neuquén,1,2014,84000,1582,2000,22,1155885,7.5789546537934145
Mendoza,1,2017,86000,50000,5000,22,439223,32.1071528585707
Mendoza,2,2017,92000,50000,5000,22,457225,32.15528459729892
Misiones,1,2015,12387,8543,194000,26,1235998,17.391290277168732
Neuquén,3,2014,107000,2865,10000,27,204603,58.59738127006935
Tierra Del Fuego,1,2019,3623,641000,80000,29,900503,80.47191403026976
Neuquén,2,2014,92000,2289,2000,30,180143,53.468078137923754
Río Negro,4,2014,94000,2319,4000,30,193806,51.778066726520336
Salta,1,2016,17748,6643,119000,31,220952,64.9109308809153
Santiago Del Estero,2,2018,18721,3278,31000,31,155698,34.05952549165693
Tierra Del Fuego,2,2019,4241,1573,96000,32,272670,37.351377122529065
Misiones,2,2015,15022,10072,408000,33,1453158,29.80591236465684
Río Negro,1,2015,94000,2632,2000,42,193131,51.09174601695222
Entre Ríos,1,2014,10828,746000,0,43,879502,86.05676848944061
Misiones,3,2015,17367,11654,559000,43,1607107,36.59146528513658
Entre Ríos,2,2014,12564,1162,0,44,135495,10.162736632348057
Entre Ríos,3,2014,12569,1310,0,48,136796,10.180853241322845
Salta,2,2016,18759,7129,140000,49,249095,66.61594973805175
Salta,3,2016,20229,8099,197000,50,304621,73.98636338269522
Río Negro,2,2015,97000,3240,1000,51,196591,51.523721838741345
La Pampa,3,2017,855000,588000,327000,51,2186089,80.96884436086546
Misiones,4,2015,17281,13690,675000,52,1725221,40.92362659624477
Río Negro,3,2015,99000,3826,1000,62,200408,51.83824997006108
Salta,3,2017,32433,14620,2315,63,777755,6.355600414012125
Entre Ríos,4,2014,18318,3584,1000,66,141729,16.20557542916411
Neuquén,4,2014,126000,3621,2000,66,217100,60.65730078304929
Tierra Del Fuego,4,2018,6323,9894,24000,67,103203,39.03374901892387
Misiones,1,2016,19195,13363,779000,68,1829189,44.37081132676831
Salta,4,2016,20787,8611,239000,70,922131,29.113867769329953
Mendoza,1,2018,501000,266000,19000,72,1006121,78.12897255896657
Mendoza,2,2018,515000,266000,17000,72,1018114,78.38729258216664
Salta,1,2017,21554,9386,267000,74,952797,31.277806290322076
Río Negro,4,2015,201000,4024,5000,75,306916,68.45488667909135
Salta,2,2017,23185,11333,1068,76,701957,5.080368170699915
Neuquén,1,2015,170000,4067,2000,76,261402,67.3839526859014
La Pampa,4,2017,1227,792000,391000,81,1572593,75.30925039091487
Río Negro,1,2016,203000,4246,77000,81,381641,74.50116732740979
Mendoza,4,2017,438000,278000,29000,81,950383,78.3979721859503
Salta,4,2017,32842,18968,3559,84,769012,7.21094079156112
Río Negro,2,2016,194000,4877,520000,86,818417,87.84800413481148
Salta,1,2018,33088,30771,5145,88,249885,27.64951877863817
Misiones,3,2016,23394,17043,1559,91,97998,42.9467948325476
Misiones,2,2016,21385,14820,1073,96,96832,38.596744877726366
La Pampa,1,2018,1616,1076,614000,98,940516,65.57995823569189
Corrientes,1,2015,15554,4424,235000,98,352213,72.42094982297644
Río Negro,3,2016,207000,5953,790000,99,1100773,91.12251118077933
Neuquén,2,2015,214000,5168,2000,110,308108,71.81832344502577
Santa Cruz,2,2020,4166,6541,546000,119,1142764,48.72624618906441
Santa Cruz,1,2020,4993,5169,529000,119,644728,83.6447308012061
Entre Ríos,1,2015,28113,6926,274000,119,440144,70.24019411828856
Santa Cruz,3,2020,4014,6730,629000,120,1565752,40.86624190804163
Río Negro,4,2016,248000,6317,1174,122,1349533,18.940848426826168
Corrientes,2,2015,17184,5039,379000,126,495906,80.9324751061693
Misiones,4,2016,23433,18371,2215,126,97392,45.3271315919172
San Juan,4,2019,1594,1292,40000,127,153885,27.951392273450953
San Juan,1,2020,1594,1292,40000,127,349579,12.304228800929117
San Juan,2,2020,917000,4908,40000,127,1267578,75.89552674470525
San Juan,3,2019,2245,1267,41000,128,310734,14.365985054741353
San Juan,3,2020,711000,6529,41000,128,1070333,70.88046430409976
Mendoza,3,2018,2476,4727,27000,129,255154,13.455403403434788
Mendoza,4,2018,2494,4726,19000,132,245265,10.744296984893891
Chaco,1,2015,15883,5346,489000,135,595842,85.65425062348744
Entre Ríos,2,2015,32293,7867,354000,136,523189,75.36396980823373
Formosa,2,2017,4795,4583,749000,139,778209,97.46957436883922
Mendoza,1,2019,2837,5702,111000,140,346848,34.504739828397454
Corrientes,3,2015,18168,6111,453000,146,570473,83.68932447284972
Chaco,2,2015,17675,6337,788000,149,1158770,70.08819696747413
Corrientes,4,2015,17877,7569,456000,150,569948,84.49823492669508
Entre Ríos,3,2015,34788,9924,384000,153,556103,77.11970624146966
Neuquén,3,2015,210000,6599,2000,155,307655,71.10367132014757
Chaco,3,2015,19016,7498,979000,157,1303155,77.17201714301062
Chaco,4,2015,18608,10092,1136,159,280359,10.698782632267914
Entre Ríos,4,2015,33989,13668,399000,163,572792,78.00737440467046
Chubut,3,2018,6162,531000,623000,164,1322373,87.74574193514235
Chubut,4,2018,6215,531000,623000,165,1297502,89.43184673318423
Chubut,1,2019,6571,787000,74000,165,1008751,86.02083170177775
Chubut,2,2019,10049,1495,74000,165,229193,37.39599376944322
Entre Ríos,1,2016,35104,14057,457000,165,631076,80.23217488860296
Misiones,1,2017,23847,19356,2627,166,97621,47.11691132031018
Corrientes,1,2016,18375,7911,526000,170,639979,86.32408250895732
Neuquén,1,2016,479000,7893,143000,171,719831,87.52943399214537
Neuquén,4,2015,455000,7934,9000,175,565575,83.47416346196349
La Pampa,2,2018,2409,965000,969000,179,2955468,65.525595269514
Salta,2,2018,33285,28431,7239,182,250890,27.55669815456973
Chaco,1,2016,19388,10587,1238,184,280456,11.194982457141228
Corrientes,2,2016,19200,8851,803000,191,930176,89.36394832805836
Río Negro,1,2017,246000,6738,1594,200,1335801,19.054634634949366
Chaco,2,2016,20346,12090,1571,201,285094,11.998849502269426
Entre Ríos,2,2016,36917,15522,849000,205,1037745,86.88492837835885
Neuquén,2,2016,583000,10241,1285,208,687195,86.54515821564476
Corrientes,3,2016,19956,10006,1263,210,103331,30.42165468252509
La Pampa,3,2018,3153,920000,1189,216,1941482,47.62125015838416
Chaco,3,2016,21193,13746,2021,217,279225,13.314352224908227
Neuquén,3,2016,680000,12541,2118,225,785346,88.48125539571093
Tierra Del Fuego,3,2019,4692,1756,82000,226,150455,58.93722375461101
Mendoza,2,2019,2971,10092,1256,234,242240,6.007678335535006
Corrientes,4,2016,20187,10908,1645,234,103078,31.989367275267274
Entre Ríos,3,2016,38665,17737,1307,248,181226,31.980510522772672
Chaco,4,2016,21323,14887,2586,250,279663,13.96180402841992
Santiago Del Estero,3,2018,19116,3806,64000,265,190997,45.64836096902046
La Pampa,4,2018,3661,978000,1328,270,2225494,44.18160642086656
Neuquén,4,2016,792000,14153,3073,271,897301,90.2146548371171
San Juan,4,2020,740000,5126,332000,275,1362305,79.08662157152767
San Juan,1,2021,858000,11494,340000,276,1493850,80.98336513036784
San Juan,3,2021,752000,13250,338000,278,1519042,72.64631261018457
San Juan,2,2021,784000,12550,340000,278,1552458,73.22761710783801
Entre Ríos,4,2016,38491,19509,1801,280,180310,33.32094725750097
Corrientes,1,2017,20586,11468,2044,303,103590,33.20880393860411
Chaco,1,2017,21467,15671,3025,314,279856,14.463509805042593
Entre Ríos,1,2017,39146,20562,2254,317,180418,34.51928299837045
La Rioja,3,2018,4138,5425,20000,339,80840,36.98911429985156
Mendoza,3,2019,2958,10093,1263,349,243753,6.015515706473356
La Pampa,1,2019,4466,1061,1354,405,1020151,0.714207994698824
Neuquén,1,2017,902000,15130,4223,458,1008589,91.39609890649214
Formosa,3,2017,5187,6056,899000,459,929233,98.00577465501118
Santiago Del Estero,4,2018,20127,3686,77000,483,530893,19.080304317442497
Santiago Del Estero,1,2019,20691,3959,85000,494,215411,51.13202204158562
Salta,3,2018,32782,25582,9224,502,249606,27.278991690904864
Tierra Del Fuego,1,2020,5024,1834,196000,518,245398,82.87598105934035
Chaco,2,2017,22349,18044,3157,545,281418,15.668862688243113
Río Negro,2,2017,245000,7990,1921,559,1322161,19.322155168697307
Misiones,2,2017,22033,21599,2892,570,99795,47.19074101908913
Córdoba,1,2014,24112,9818,40000,588,607413,12.268094360838507
Chubut,4,2019,12945,7615,1240,614,257940,8.68961774055982
Chubut,1,2020,12957,7756,1240,614,363653,6.205641091920045
Chubut,3,2019,13033,7171,1240,614,1003238,2.1986806719841154
Chubut,2,2020,22188,10537,1473,614,375389,9.273580206132838
Jujuy,3,2018,7756,4066,39000,623,428513,12.005470079087448
Córdoba,2,2014,28698,14824,76000,627,653388,18.388614422058563
La Pampa,2,2019,5191,1366,1445,629,325987,2.6476515934684515
Santa Cruz,4,2020,4382,6634,1033,647,844869,1.502718172876505
Santa Cruz,1,2021,8334,6987,1337,647,96015,18.023225537676403
Corrientes,2,2017,21776,13043,2218,647,105079,35.86254151638291
Tucumán,3,2017,45302,20514,1361,655,268850,25.23042588804166
Córdoba,3,2014,28992,18888,84000,664,1327228,9.986528313145895
Santa Fe,1,2014,20328,6845,23000,668,528990,9.610956728860659
Santa Cruz,2,2021,8463,6888,1575,676,833197,2.1125856190072696
Santa Cruz,3,2021,8365,6799,1788,678,833191,2.1159614062081804
Córdoba,4,2014,41947,30858,1177,782,589873,12.67459266655704
Santa Fe,2,2014,23939,10058,34000,792,546060,12.597333626341428
Tierra Del Fuego,2,2020,5186,3034,391000,796,440787,90.75040779333328
Santa Fe,3,2014,23962,12124,38000,806,553330,13.534780330001988
Córdoba,1,2015,46574,37443,1615,815,754676,11.454849498327759
Entre Ríos,2,2017,41800,23524,2604,823,182797,37.6105734776829
Formosa,4,2017,4867,6996,977000,824,1008078,98.17563720267678
Santa Fe,4,2014,36718,21098,869000,824,1395602,66.46880700944826
La Rioja,4,2018,4088,5216,17000,869,80622,33.70419984619583
La Rioja,1,2019,4088,5216,17000,869,77627,35.004573151094334
Santa Cruz,4,2021,11641,13054,1770,876,887646,3.080169346789148
Tierra Del Fuego,2,2021,6913,4580,476000,889,528200,92.46156758803482
Santa Fe,1,2015,45270,27597,1542,900,536252,14.043583986633152
Córdoba,2,2015,54993,46415,1956,903,767679,13.582109188866701
Tierra Del Fuego,1,2021,1468,4317,486000,919,542919,90.75092232911355
Tierra Del Fuego,4,2020,6119,3497,488000,922,544109,91.6246560891292
Tierra Del Fuego,3,2020,5414,3726,481000,937,531163,92.45316409463761
La Pampa,3,2019,5922,1611,1359,941,327589,3.0016270387589326
Tierra Del Fuego,3,2021,13397,9782,1433,976,961311,2.661781671072109
Tierra Del Fuego,1,2022,15640,18034,1767,982,969693,3.756137251686874
Tierra Del Fuego,2,2022,14828,19968,1712,1006,905917,4.140997464447626
Santa Fe,2,2015,53205,33894,1856,1014,547253,16.440110881073288
Tierra Del Fuego,4,2021,16534,16562,1748,1017,462946,7.746259822959914
Tierra Del Fuego,3,2022,14815,20102,1752,1021,906043,4.159846718091746
Córdoba,1,2016,65763,66455,4143,1039,759336,18.09475647144347
Formosa,1,2018,5117,10061,1091,1046,32320,53.573638613861384
Córdoba,3,2015,61109,59372,2582,1048,772663,16.06275957306096
Santa Fe,1,2016,64117,51293,3754,1063,551809,21.787792515163762
Córdoba,4,2015,62989,67151,3336,1088,773781,17.390450269520706
Chubut,3,2020,22114,12217,2818,1110,396760,9.642857142857144
Chubut,1,2021,21401,15392,2844,1112,347125,11.738998919697515
Chubut,4,2020,21824,12046,2818,1112,345359,10.945132456371486
Chubut,2,2021,22605,16604,3896,1112,348028,12.705012240394451
Santa Fe,3,2015,59531,42021,2320,1133,555766,18.89374305013261
Jujuy,4,2018,7811,4021,30000,1141,147076,29.21822731105007
Jujuy,1,2019,7811,4021,30000,1141,140679,30.5468477882271
Santa Fe,4,2015,60985,51258,3079,1189,560204,20.79795931482103
Santiago Del Estero,2,2019,21362,3741,108000,1205,272909,49.213474088432406
Córdoba,2,2016,71980,82618,8355,1242,916792,17.90973306922399
Formosa,2,2018,5176,9727,1313,1243,44546,39.19319355273201
Santa Fe,2,2016,68505,60469,6509,1277,588531,23.237518499450328
La Rioja,1,2020,5158,4640,22000,1294,92301,35.85226595594847
La Rioja,2,2019,4297,4857,13000,1298,83271,28.16346627277203
La Rioja,4,2019,5045,4763,22000,1305,91959,36.00843854326384
La Rioja,3,2019,4786,4887,22000,1307,90637,36.386906009686996
Santa Fe,3,2016,72657,69864,10210,1308,568104,27.114577612549816
Córdoba,3,2016,75988,99225,11691,1322,692630,27.175548272526456
La Pampa,4,2019,6900,1951,1287,1342,695793,1.6499159951307358
Formosa,3,2018,5259,9336,1729,1434,44857,39.58802416568206
Santa Fe,4,2016,74401,77667,13155,1529,561542,29.69537452229753
Córdoba,4,2016,77966,108368,15458,1606,687423,29.588477545848775
Corrientes,3,2017,22785,15576,2635,1607,116537,36.55748817971974
Chubut,3,2021,26281,18538,5320,1643,364857,14.192409628977929
Formosa,4,2018,5285,9027,2092,1654,45204,39.94779223077604
Formosa,1,2019,5301,9027,2099,1654,45299,39.91478840592508
Río Negro,3,2017,306000,10116,2965,1659,832281,38.5374651109421
Neuquén,2,2017,849000,18051,4774,1703,957737,91.20750268601923
Santa Fe,1,2017,77152,83008,15775,1831,562613,31.596497059257427
Santiago Del Estero,3,2019,55172,3612,86000,1836,257507,56.938257989103214
Misiones,3,2017,22808,23913,3843,1881,100526,52.17058273481487
Tierra Del Fuego,4,2019,5050,1848,139000,1962,190242,77.72205927187477
Chaco,3,2017,23008,20307,3827,2004,187701,26.183131682836
Córdoba,1,2017,82011,118643,19035,2071,692048,32.04402006797216
La Pampa,1,2020,7199,3029,1342,2113,1192041,1.1478632026918538
Salta,4,2018,36365,22910,10861,2242,183529,39.43681924927396
Salta,1,2019,36473,22910,10861,2242,185962,38.97893117948828
Formosa,2,2019,5399,8384,2639,2258,495302,3.7714364165700927
Entre Ríos,3,2017,42947,29011,3878,2397,185501,42.17389663667581
Río Negro,4,2017,485000,12502,3447,2440,1002784,50.19914557870887
Santiago Del Estero,4,2019,56309,3756,105000,2449,1248442,13.41784400076255
Santa Cruz,1,2022,11502,12277,2628,2551,584566,4.953760567669006
Jujuy,2,2019,8441,26700,27000,2600,1079739,5.99598606700323
Mendoza,4,2019,12955,15237,2165,2628,940025,3.5089492300736684
Corrientes,4,2017,23686,16046,5053,2675,104760,45.30355097365407
Misiones,4,2017,23131,22262,9091,2735,103895,55.07387265989701
Santiago Del Estero,1,2020,56884,3737,135000,2799,370786,53.51334732163566
Chubut,4,2021,39568,31175,5780,2904,286182,27.754016674703507
Río Negro,1,2018,530000,17997,4972,3129,1049300,52.9970456494806
Misiones,1,2018,23291,26223,10241,3219,151494,41.56864298256037
Corrientes,1,2018,24038,19068,5890,3256,105409,49.570719767761766
Chaco,4,2017,24088,20123,7290,3289,166401,32.926484816797974
Santiago Del Estero,2,2020,57709,5178,247000,3328,485067,64.5714921856156
La Pampa,2,2020,7531,3800,1657,3377,1191706,1.373241386717865
Santa Cruz,2,2022,11369,11885,2454,3592,744489,3.935585347802318
Jujuy,3,2019,9240,26835,56000,3671,1056013,9.066744443486964
Río Negro,2,2018,523000,16480,6663,3725,1043197,52.70989084516155
Mendoza,1,2020,12285,17489,2860,3818,274862,13.26192780377062
Corrientes,2,2018,24066,17926,6780,3862,108949,48.310677472946054
Misiones,2,2018,23569,23747,11888,3866,156651,40.26147295580622
Chaco,1,2018,24488,23296,8219,3897,166712,35.93022697826191
Santiago Del Estero,3,2020,57418,4658,292000,3994,1438158,24.897820684514496
Buenos Aires,1,2014,121787,38923,206000,4037,2830335,13.09905011244252
Entre Ríos,4,2017,45189,30010,7958,4113,193499,45.10100827394457
Buenos Aires,3,2014,156693,68947,243000,4232,2889938,16.36270397496417
Santa Fe,2,2017,92854,97563,16794,4275,567004,37.29885503453239
Buenos Aires,2,2014,140226,56549,284000,4309,2943032,16.482457547182634
Río Negro,3,2018,512000,14912,8470,4332,1033583,52.21777060961722
La Rioja,2,2020,5661,4686,73000,4336,149058,58.82475278079674
Tucumán,4,2017,45241,24318,1303,4367,267143,28.16057317616408
Corrientes,3,2018,24953,16601,8357,4419,110448,49.19056931768796
Formosa,3,2019,6049,7117,2262,4443,494924,4.014959872626908
Santiago Del Estero,4,2020,57590,4666,411000,4520,1548226,30.859577348526635
Misiones,3,2018,24747,21212,14674,4547,158546,41.11109709484945
Santa Cruz,3,2022,11313,11378,2333,4604,747811,3.961963651243429
Chaco,2,2018,24282,21887,9251,4630,168220,35.69730115325169
La Rioja,3,2020,5955,4660,124000,4748,200468,69.51882594728336
Santiago Del Estero,1,2021,58464,8549,700000,4868,1841909,41.90657627494084
Neuquén,3,2017,1034,20213,7067,4937,109276,30.428456385665655
La Rioja,4,2020,6060,4633,181000,4979,252578,77.86584738179889
Corrientes,4,2018,26562,15498,9688,5029,110591,51.33962076480003
Corrientes,1,2019,26562,15498,9688,5029,111649,50.853120045858006
Córdoba,2,2017,88479,146683,20351,5069,909309,28.657145150878303
Río Negro,4,2018,643000,13440,9569,5070,1142810,58.7218347756845
Entre Ríos,1,2018,45599,37401,9818,5071,214830,45.5657962109575
La Rioja,1,2021,5968,4604,215000,5074,285395,80.81641234079083
Río Negro,1,2019,2037,13615,9567,5076,504442,6.005645842336681
Misiones,1,2019,25890,19111,16552,5167,172586,38.6589874033815
Misiones,4,2018,26019,19226,16566,5167,163226,41.0339039123669
Jujuy,4,2019,9632,26764,102000,5286,245724,58.47292083801337
Buenos Aires,4,2014,203620,104322,997000,5406,3701956,35.39609871105978
Mendoza,2,2020,12439,35274,3248,5422,299086,18.851768387687823
Chaco,3,2018,24916,20335,11085,5667,175270,35.37570605351743
Formosa,4,2019,6319,6788,1766,5671,480277,4.277531507859007
Buenos Aires,1,2015,220070,126958,1561,5700,2754612,12.861666180209772
Entre Ríos,2,2018,44570,34281,12012,5920,217421,44.514099374025506
Santiago Del Estero,2,2021,62224,10359,811000,6064,1955247,45.50049175372728
Capital Federal,1,2014,70293,38798,55000,6208,2207175,7.715699933172495
La Pampa,4,2020,8124,6562,2396,6257,948043,2.461808166929137
Neuquén,4,2017,1325,22781,7528,6300,115843,32.746044215015154
La Pampa,3,2020,7820,5577,2189,6322,1195632,1.8323363710573155
Chaco,1,2019,25632,18965,12393,6368,175913,36.01666732987329
Chaco,4,2018,25633,18965,12393,6368,172201,36.793630699008716
Capital Federal,2,2014,87359,56004,59000,6427,2215434,9.424338526898115
Salta,2,2019,36923,16961,14059,6461,1164627,6.388654908395564
Capital Federal,3,2014,102170,70907,95000,6626,2252864,12.19350124996449
Buenos Aires,2,2015,243503,159922,2009,6712,2857754,14.422025128824945
Entre Ríos,3,2018,45651,31353,15111,6786,222044,44.54117201996001
Santiago Del Estero,3,2021,61838,11274,801000,6863,2843727,30.97959121955096
Río Negro,2,2019,2201,10291,12407,6907,522045,6.092578226014999
Formosa,1,2020,6500,6564,964000,6918,1450870,67.82013550490396
Tucumán,1,2018,45675,26405,1218,7082,183968,43.692381283701515
Corrientes,2,2019,27774,13114,11928,7119,119451,50.17538572301613
Jujuy,1,2020,9979,26693,166000,7349,496686,42.28446141022699
La Pampa,1,2021,7864,7611,2786,7368,948253,2.7027597065340156
Neuquén,1,2018,1311,29012,9709,7378,116746,40.60952837784592
Formosa,2,2020,7109,6998,961000,7475,1549429,63.41574864030556
Catamarca,4,2019,7619,9305,804000,7477,904444,91.59229316574603
Santiago Del Estero,4,2021,61524,12205,800000,7537,2793181,31.550622748758496
Entre Ríos,4,2018,50027,29002,18146,7612,240029,43.65597490303255
Entre Ríos,1,2019,50068,28957,18146,7619,251162,41.72207579172009
Buenos Aires,3,2015,262564,200491,2642,7720,2856077,16.575778594204568
Capital Federal,4,2014,123451,95772,890000,7997,2221083,50.300686647009584
Misiones,2,2019,27385,15408,18882,8129,177005,39.43617411937516
Buenos Aires,4,2015,274560,240188,3835,8180,2888248,18.23814990956455
Formosa,3,2020,7432,7125,991000,8219,1580676,64.13559768099219
Mendoza,3,2020,12123,42433,3448,8237,350645,18.891186242495973
Santiago Del Estero,1,2022,61170,13542,849000,8309,1933642,48.20028733343607
Capital Federal,1,2015,134151,114569,1195,8401,1333455,19.371932311176604
Neuquén,2,2018,1314,26417,12442,8551,114668,42.49136637946071
Tucumán,2,2018,44968,27059,1084,8784,185834,44.068900201254884
Formosa,4,2020,7606,7181,1197,8946,106150,23.485633537447008
Capital Federal,2,2015,148569,142976,1482,9258,1346689,22.446533683723562
La Pampa,2,2021,7769,8128,3399,9311,948815,3.015024003625575
Jujuy,2,2020,10519,26829,209000,9417,539870,47.37529405227184
Buenos Aires,1,2016,289929,247372,8315,9529,2875136,19.308477929391863
Formosa,1,2021,7569,7916,1215,9579,106630,24.645034230516742
Neuquén,3,2018,1647,23785,15218,9718,115935,43.44503385517747
San Juan,4,2021,10955,23978,398000,9800,521516,84.89346443829145
Chaco,2,2019,26431,16789,15348,9904,178835,38.28780719657785
Capital Federal,3,2015,159618,175594,2028,10022,1341575,25.884650504071704
Catamarca,1,2020,7543,9558,408000,10299,509389,85.47495136329995
La Pampa,3,2021,7395,8737,4022,10506,710875,4.312994548971338
Entre Ríos,2,2019,52316,23196,24221,10664,252195,43.77446023910069
Santiago Del Estero,2,2022,59931,14606,883000,10672,1969191,49.16785624147175
Capital Federal,1,2016,178665,192644,6577,10838,1303768,29.81542728460892
Capital Federal,4,2015,172029,198635,3087,10899,1350448,28.483140409701075
Neuquén,4,2018,1781,21452,17135,11025,114365,44.937699470992
Neuquén,1,2019,1781,21452,17135,11026,114242,44.98695751124806
Formosa,2,2021,7310,7460,1341,11077,432170,6.291042876645764
Mendoza,4,2020,11172,40396,3378,11557,283385,23.467367715298977
San Juan,1,2022,11914,25144,2088,11916,114152,44.731585955568015
Buenos Aires,2,2016,335296,334723,31494,11933,3108515,22.95134493480006
La Pampa,4,2021,9082,12259,4821,12184,900213,4.259658547477097
Tucumán,3,2018,43282,27062,941000,12187,1127083,90.81238914968995
Santiago Del Estero,3,2022,58982,16087,910000,12342,1997152,49.941666933713606
Salta,3,2019,62230,14309,11418,12357,1099989,9.119545740911954
Corrientes,3,2019,29628,10348,10388,12674,717049,8.791309938372413
Formosa,3,2021,7142,6978,1192,12707,433414,6.464719644496947
Santa Fe,3,2017,104453,125339,24536,12982,624462,42.806447790257856
Buenos Aires,3,2016,393530,399116,52900,13318,3121140,27.517637786193504
Capital Federal,2,2016,146091,213010,19597,13477,1257302,31.19179003930639
Formosa,4,2021,6983,6811,1135,13775,137579,20.863649248795237
Capital Federal,3,2016,208249,240856,38341,13886,2586360,19.383689818896055
Chubut,1,2022,31856,33080,13871,14055,284515,32.63870094722598
Neuquén,2,2019,4688,17318,21210,14132,846162,6.777425599353315
La Pampa,1,2022,9869,12044,5250,14400,410431,10.126671718266895
Tucumán,4,2018,42766,26111,847000,14839,1126049,82.65324155520763
Tucumán,1,2019,42877,26210,847000,14839,1034354,90.00071542237957
Formosa,1,2022,6945,6613,716000,15028,1901699,39.15372516891475
Jujuy,3,2020,10566,45198,293000,15238,636198,57.21520658662869
Chubut,2,2022,31217,34290,14526,15394,271696,35.1227106766386
Río Negro,3,2019,2348,9779,10176,15505,191196,19.774472269294336
Corrientes,4,2019,20620,27367,9981,15744,185762,39.680881988781344
Formosa,2,2022,19706,6330,591000,16326,1751196,36.167396453623695
Catamarca,2,2020,8690,10242,426000,16578,536487,86.02445166425281
Mendoza,1,2021,11216,52533,4061,16615,330811,25.520614489844657
Misiones,3,2019,29375,11256,16107,16650,178052,41.21717251140116
San Juan,2,2022,11276,24649,3728,16701,124383,45.30683453526607
Chaco,3,2019,28198,13336,12987,16740,181158,39.336380397222314
Córdoba,3,2017,100113,189302,38131,16741,1006602,34.202892503690634
Capital Federal,4,2016,225723,264582,53506,16756,1783368,31.4330525163623
La Pampa,2,2022,9842,11800,5247,17125,179459,24.52593628628266
Buenos Aires,4,2016,403575,467398,72348,17279,3138541,30.606578024629915
Chubut,3,2022,30940,34682,15309,17563,274669,35.859161390619256
Formosa,3,2022,19545,6194,564000,17704,1623981,37.404563230727454
Tucumán,2,2019,44296,24291,628000,18394,966872,73.94784418206339
Catamarca,3,2020,8768,11195,562000,18886,674279,89.10984918705759
San Juan,3,2022,11247,22157,6780,19221,127375,46.6378802747792
Jujuy,4,2020,14379,44930,446000,19282,782174,67.06832495071428
Corrientes,1,2020,21382,26679,7351,19467,712138,10.514675526372699
Santa Fe,4,2017,108939,151329,30736,19602,671964,46.22360721705329
Río Negro,4,2019,2797,8558,6968,19837,241026,15.83231684548555
Capital Federal,1,2017,218487,277195,66536,19881,1772430,32.84186117364297
Tucumán,3,2019,47693,24354,843000,20385,1132475,82.6006755116007
Catamarca,4,2020,8740,11436,591000,20406,713734,88.48982954434005
Mendoza,2,2021,10886,56117,4403,20686,346554,26.57363643184035
Misiones,4,2019,20840,27305,15626,20799,206742,40.90605682444786
Mendoza,3,2021,12640,62628,7596,21087,372822,27.882206522147296
Chaco,4,2019,18959,30902,13516,21556,200820,42.29309829698237
Buenos Aires,1,2017,402315,523539,90937,22299,3186723,32.60685036007209
Corrientes,2,2020,22845,25844,7898,22418,717267,11.01472673355947
Entre Ríos,3,2019,56161,17064,21216,22645,255295,45.86302121075618
La Pampa,3,2022,9653,11592,5609,22731,184024,26.94485501891058
Santa Fe,1,2018,108576,188900,39589,22801,680053,52.91734614802082
Catamarca,1,2021,8455,10115,712000,22996,834185,90.33559701984572
Córdoba,4,2017,102892,217602,40898,24251,991320,38.90196909171609
Corrientes,3,2020,23315,25308,8615,25344,721792,11.441246231601347
Catamarca,2,2021,9091,6828,4941,25388,126673,36.50975345969544
Río Negro,1,2020,2930,7857,3199,25488,706347,5.588471388708383
Jujuy,1,2021,17293,40649,568000,25609,901664,72.26095308230117
Salta,4,2019,67656,15369,14170,25821,322295,38.16875843559472
Misiones,1,2020,21271,26433,11581,26313,728105,11.756271416897288
Santa Fe,2,2018,112143,175540,50525,26512,1427847,25.543353034323708
Catamarca,3,2021,8428,10517,1659,26618,127183,37.12917606912873
Corrientes,4,2020,26321,25687,9383,26789,719065,12.263147281539222
Río Negro,2,2020,3335,7498,3246,26953,708906,5.788073454026345
Corrientes,1,2021,26223,26169,9001,27641,720031,12.365300938431817
Neuquén,3,2019,4586,9597,16923,28458,291731,20.417439353376913
Río Negro,3,2020,3769,7096,3455,28488,710887,6.021772799333791
Chaco,1,2020,19976,29851,10416,28539,1354990,6.552225477678802
Misiones,2,2020,23719,26445,12305,28763,734745,12.416824884823987
Córdoba,1,2018,104300,266259,57137,29228,994710,45.935398256778356
Río Negro,4,2020,4153,13131,3512,29372,731619,6.8571209878365655
Río Negro,1,2021,4187,13045,3642,29589,731577,6.897838505037747
Catamarca,4,2021,7855,9804,3262,29827,130019,39.03121851421715
Jujuy,3,2021,16417,37755,561000,29917,894374,72.12743214807227
Jujuy,2,2021,16577,37908,607000,29950,941018,73.47734049720621
Entre Ríos,4,2019,44511,42962,18976,30153,285983,47.7657762874017
Misiones,3,2020,24215,25942,13663,30987,737591,12.853600437098608
Santa Fe,3,2018,115907,162545,62479,31266,1159105,32.11072335983366
Río Negro,2,2021,3663,15019,3867,31488,825402,6.5467493415329745
Misiones,4,2020,26078,26445,14810,32264,721586,13.802512798197306
Corrientes,2,2021,27037,24524,10059,32697,840789,11.217677681320758
Misiones,1,2021,25503,27101,14050,32953,723812,13.761446342420408
Chaco,2,2020,21140,29044,12082,33311,1362896,7.012787476080347
Jujuy,4,2021,16793,38134,564000,33421,910118,71.6772989876038
Río Negro,3,2021,3730,14880,2282,34011,825903,6.647632954475284
Salta,1,2020,63714,17991,8625,34744,813052,15.38327191864727
Córdoba,2,2018,102596,244291,78852,34950,791207,58.22610265076017
Neuquén,4,2019,4439,7357,12059,35001,335226,17.557110725301737
Jujuy,1,2022,16321,37923,576000,35287,749875,88.75225870978495
Corrientes,3,2021,28478,24792,9687,35468,845107,11.646454235972486
Catamarca,1,2022,7009,8773,3761,35715,588851,9.384037727710405
Río Negro,4,2021,19878,31255,4130,36142,309597,29.523864895331677
Santa Fe,4,2018,121009,152039,74432,36427,1055055,36.38739212647682
Santa Fe,1,2019,122959,153212,74575,36502,1064987,36.36175840644064
Jujuy,2,2022,15790,37786,549000,37391,721707,88.67407410486527
Río Negro,1,2022,18859,26926,14144,37729,273258,35.738386433334064
Capital Federal,2,2017,304970,378571,80234,37977,2119638,37.8249493545596
Misiones,2,2021,25907,25811,16172,38308,212120,50.06505751461437
Chaco,3,2020,21639,27546,13751,38729,553534,18.366532137140627
Salta,2,2020,64462,16989,7741,39594,820118,15.703350005730881
Entre Ríos,1,2020,47132,41125,11988,39794,360162,38.882225220872826
Córdoba,3,2018,96372,221984,109333,39854,804271,58.132520008803
Corrientes,4,2021,26368,22922,10087,39911,847200,11.719546742209632
Chaco,4,2020,22479,26802,15701,40949,551678,19.20159948375683
Río Negro,2,2022,17938,27168,13714,41972,270653,37.24030400549781
La Rioja,2,2021,5971,23298,4825,42158,119564,63.77504934595698
Misiones,3,2021,25099,26079,14792,42291,214472,50.47791786340407
Chaco,1,2021,22102,27556,14496,42462,552357,19.302009388855396
Río Negro,3,2022,17860,27934,13629,42596,271447,37.583395653663516
La Rioja,3,2021,5979,23315,4868,42613,101141,75.90887968281903
Entre Ríos,2,2020,50640,42090,12856,43391,363983,40.92965880274628
La Rioja,4,2021,5437,23559,5671,43424,102109,76.47807734871559
Corrientes,1,2022,25665,27077,10452,43631,209511,50.98777629814186
Neuquén,1,2020,5257,7123,5399,43738,666669,9.227517703688036
Salta,3,2020,64736,15990,7928,43773,823203,16.086797545684355
Catamarca,2,2022,6155,7165,3393,43926,550524,11.014778647252436
Jujuy,3,2022,15254,36083,519000,45895,695246,88.6351018200752
La Rioja,1,2022,4692,23624,5645,45970,879507,9.088159616694352
Buenos Aires,2,2017,299009,573298,93059,46178,2976720,33.98183235238786
Neuquén,2,2020,6103,6625,5296,46432,670627,9.611304048301067
Salta,4,2020,68829,15188,8291,46697,809767,17.16604899928004
Chaco,2,2021,21574,24032,16068,47239,553315,19.683724460750206
Córdoba,4,2018,97277,201639,128053,48809,818258,58.145230477428875
La Rioja,2,2022,3890,23814,5481,48920,831284,9.876889246033846
Entre Ríos,3,2020,51478,40797,14377,49395,371365,42.01984570436094
Neuquén,3,2020,6561,5975,5449,49439,1475887,4.568371426809776
Chaco,3,2021,20986,23852,14412,49705,552458,19.721861209358902
Santa Fe,2,2019,125176,129741,100131,49865,1056787,38.31547889972152
Catamarca,3,2022,5389,5099,3737,50298,524838,12.293888780919064
La Rioja,3,2022,3375,24219,5331,50390,793157,10.504225519033431
Córdoba,1,2019,96997,200681,127965,50716,827337,57.577383823037046
Neuquén,4,2020,8478,5791,5493,50776,575692,12.25273236383344
Neuquén,1,2021,8443,5903,5677,50840,575792,12.307048378581156
Entre Ríos,4,2020,53556,40755,16600,53141,352276,46.56916735741294
Neuquén,2,2021,8631,5871,5943,54008,576811,12.907694201393523
Misiones,4,2021,23554,26721,15954,54596,227076,53.20905776039741
Entre Ríos,1,2021,56060,42432,15774,54600,356858,47.32022260955338
Salta,1,2021,68149,9164,8138,54889,316444,44.349079141965085
Corrientes,2,2022,24842,8000,21719,55071,211929,51.730532395283326
Tucumán,4,2019,52017,28916,6405,56707,253589,56.80254269704128
Corrientes,3,2022,23948,7776,21706,56950,211779,52.12037076386233
Neuquén,3,2021,8566,6234,3631,57919,578370,13.20089216245656
Chaco,4,2021,22678,21937,13692,58435,716172,16.30083276084516
Misiones,1,2022,22261,26855,15854,58610,222457,55.55230898555676
Salta,2,2021,67012,7099,9654,58882,312518,45.6444108819332
Entre Ríos,2,2021,55349,39468,18484,61605,364525,47.98189424593649
Chaco,1,2022,21235,20898,13012,62946,604658,19.530213773736556
Salta,3,2021,70104,6962,3878,67010,316712,46.715628078506654
Tucumán,1,2020,50383,31096,1730,67536,349300,43.15631262525051
Entre Ríos,3,2021,59776,39114,16283,67961,367267,49.86399540388872
Neuquén,4,2021,13264,10515,3310,69217,1226386,7.8528293701982905
Neuquén,1,2022,15623,11163,2654,71238,286542,35.13551242051776
Salta,4,2021,69324,6642,3535,72622,333271,45.64543569647524
Tucumán,2,2020,54537,34184,2246,74377,366007,45.17509227965586
Mendoza,4,2021,30308,75214,18621,75031,789065,25.24177349141072
Misiones,2,2022,21712,12774,19757,75107,229762,56.29738599072083
Córdoba,2,2019,100512,157458,170159,76053,850711,59.265955183370146
Chaco,2,2022,20109,8391,15974,76271,604103,19.987485577790544
Salta,1,2022,68246,6313,2214,76838,311401,49.32900022800183
Neuquén,2,2022,15066,9205,2039,76982,1293835,7.983398192196069
Entre Ríos,4,2021,49636,38295,24068,77290,371939,50.89248505803371
Neuquén,3,2022,14080,9200,6700,78713,1287036,8.445218315571593
Chaco,3,2022,18938,8048,15828,79390,1590697,7.682418461844084
Misiones,3,2022,20758,12676,19615,80330,233106,57.21817542234005
Salta,2,2022,72661,6012,1156,81478,317063,50.87537807943532
Entre Ríos,1,2022,49620,42294,21578,81757,374819,52.09154285134958
Tucumán,3,2020,54610,33126,3246,84195,372727,46.998741706396366
Salta,3,2022,71199,5662,1000,85661,318426,51.35321864420619
Capital Federal,3,2017,311411,426300,120675,91917,1857916,51.14886787131388
Tucumán,4,2020,54334,32155,4105,93594,356963,51.59862506758404
Mendoza,1,2022,26407,74178,21566,95048,389071,55.8250293648203
Santa Fe,3,2019,193286,107068,84325,97082,1391935,34.61088341050409
Entre Ríos,2,2022,48557,18512,32354,98769,376244,52.67645464113714
Entre Ríos,3,2022,46855,18263,32021,102195,375852,53.03523727424625
Tucumán,1,2021,53416,25255,4188,103437,357786,52.06911393961754
Buenos Aires,3,2017,311652,676137,140812,108400,3028468,40.84576756300545
Tucumán,2,2021,51648,23732,5022,109616,361922,52.50247290852725
Capital Federal,4,2017,284040,458120,178396,114939,1897924,54.559350110963344
Tucumán,3,2021,50293,21986,5300,115154,525179,36.69853516610527
Mendoza,2,2022,22557,64138,19543,121366,382459,59.51069264940817
Tucumán,4,2021,48736,21023,5326,125857,614263,32.71269798115791
Capital Federal,1,2018,222737,487826,227953,127384,1457505,73.13182459065321
Tucumán,1,2022,46961,21014,5211,133846,557272,37.150978337328986
Santa Fe,4,2019,190664,113527,70998,135576,1466471,34.82953293996267
Capital Federal,2,2018,219166,445345,264805,142253,1444094,74.20354907644516
Tucumán,2,2022,43513,23634,4863,145541,574207,37.88720792327506
Mendoza,3,2022,21977,48201,17243,150043,392420,60.51271596758575
Buenos Aires,4,2017,264645,712513,335140,151747,3188332,45.91883781237336
Córdoba,3,2019,106651,118486,146247,157546,865258,61.12974396076084
Tucumán,3,2022,39018,25214,4348,159600,581798,39.21979793674093
Capital Federal,3,2018,147253,370677,415020,165055,1467417,74.82569712631107
Santa Fe,1,2020,196826,104560,48448,173823,1457860,35.91956703661531
Buenos Aires,1,2018,292732,886678,480237,184203,3471700,53.11086787452833
Capital Federal,4,2018,143309,330496,437662,186810,1462946,75.07296920050364
Santa Fe,2,2020,198772,96575,57236,189473,1345364,40.29065739829518
Buenos Aires,2,2018,295457,816056,536049,199589,3502313,52.74088866414852
Santa Fe,3,2020,199381,92095,58797,210562,1370430,40.92401654955014
Córdoba,4,2019,118232,109330,114111,221742,948546,59.39775192768722
Santa Fe,4,2020,203793,94246,65144,226246,2228403,26.450736244745677
Santa Fe,1,2021,204458,91846,65476,236924,2233718,26.80302526997589
Buenos Aires,3,2018,190805,636090,897964,237248,4599763,42.6566977472535
Santa Fe,2,2021,204077,80452,75195,262124,2202237,28.237106178853594
Buenos Aires,4,2018,194426,577679,949093,265386,3636606,54.627419082518145
Capital Federal,1,2019,131007,330122,365713,283463,1475509,75.2489479901512
Santa Fe,3,2021,201250,83941,55080,290793,1886538,33.45090318880404
Córdoba,1,2020,120188,95827,65733,296875,952782,60.72984166367542
Santa Fe,4,2021,206856,85690,62349,322015,1913393,35.37746819393611
Córdoba,2,2020,125932,89530,63216,325243,1004300,60.133525838892766
Santa Fe,1,2022,208361,84787,58018,344170,1338011,51.96788367210733
Córdoba,3,2020,124833,84236,63823,361021,1035304,61.229648489718954
Santa Fe,2,2022,204381,74133,58114,373888,1346391,52.77189167188432
Córdoba,4,2020,135262,82221,70013,384169,1021582,65.74753666372352
Santa Fe,3,2022,198588,70897,57455,396352,1355342,53.36601389169671
Córdoba,1,2021,135092,74659,71984,402191,1003788,68.13450648941809
Córdoba,2,2021,136516,66950,70824,442357,1029781,69.59217542370659
Capital Federal,2,2019,124087,239691,296155,475991,1492321,76.1179397730113
Córdoba,3,2021,141285,65050,47198,476459,1045689,69.80966616269274
Córdoba,4,2021,130892,76246,41198,538700,1086670,72.42640359998896
Córdoba,1,2022,126009,73967,34892,577027,1103703,73.56100327714974
Córdoba,2,2022,120485,71923,28645,619400,1125336,74.68462752457933
Córdoba,3,2022,111615,70989,27112,650344,1137569,75.60508417511377
Capital Federal,3,2019,120924,138011,258591,655108,1914338,61.2553269067427
Buenos Aires,1,2019,202511,576428,576859,705769,3732709,55.22978083745612
Capital Federal,4,2019,110218,110852,205810,753805,1679783,70.2879479075571
Capital Federal,1,2020,102254,89665,85899,906009,1929478,61.354780930386354
Capital Federal,2,2020,94585,79858,80160,935481,2619558,45.43071770123051
Capital Federal,3,2020,85083,68753,78028,977766,2194852,55.112144235693336
Buenos Aires,2,2019,217785,438663,502275,985767,3870807,55.401625552501066
Capital Federal,4,2020,78123,60208,80269,1000073,2025883,60.15515209910938
Capital Federal,1,2021,76753,56457,83255,1003041,1884168,64.72384628122333
Capital Federal,2,2021,73568,43859,86655,1037752,2362392,52.56680517035276
Capital Federal,3,2021,67013,39785,73502,1075229,2310507,54.33997819526191
Capital Federal,4,2021,81899,66135,66755,1147939,1974556,69.01440121222188
Capital Federal,1,2022,77390,61053,43289,1188072,1944014,70.46266127713072
Capital Federal,2,2022,72434,55372,31571,1229254,2053254,67.63074612298333
Buenos Aires,3,2019,222812,260505,483572,1246209,3971682,55.72193342770141
Capital Federal,3,2022,67829,51946,28692,1253105,2064162,67.90029077175144
Buenos Aires,4,2019,262297,247106,452570,1465133,3686254,65.84207165322844
Buenos Aires,1,2020,236421,247977,205780,1802583,3718747,67.03228264789189
Buenos Aires,2,2020,241336,233132,188995,1894466,3777546,67.71403974961522
Buenos Aires,3,2020,234710,219772,194248,2085815,3937277,69.45269535265109
Buenos Aires,4,2020,242243,214171,213588,2176242,4033261,70.569298639488
Buenos Aires,1,2021,240520,163747,222061,2246313,4060002,70.7546695789805
Buenos Aires,2,2021,244001,140322,236897,2337604,4132351,71.60146851029837
Buenos Aires,3,2021,248153,141383,192797,2482266,4251609,72.080922775354
Buenos Aires,4,2021,331292,297296,196021,3259793,4509157,90.58016831083948
Buenos Aires,1,2022,321756,290127,161183,3381049,4555424,91.19052364829268
Buenos Aires,2,2022,307554,273954,129869,3535757,4667183,90.99994579171205
Buenos Aires,3,2022,297915,267044,124190,3618689,4721668,91.23551253497705
