Año,Trimestre,Provincia,HASTA 512 kbps,+ 512 Kbps - 1 Mbps,+ 1 Mbps - 6 Mbps,+ 6 Mbps - 10 Mbps,+ 10 Mbps - 20 Mbps,+ 20 Mbps - 30 Mbps,+ 30 Mbps,OTROS,Total
2022,3,Buenos Aires,29985,27709,290315,297915,267044,124190,3618689,65821.0,4721668
2022,3,Capital Federal,517000,5742,34371,67829,51946,28692,1253105,105477.0,2064162
2022,3,Catamarca,71000,384000,3107,5389,5099,3737,50298,2208.0,524838
2022,3,Chaco,461000,987000,16782,18938,8048,15828,79390,3711.0,1590697
2022,3,Chubut,109000,1444,45707,30940,34682,15309,17563,20024.0,274669
2022,3,Córdoba,99000,11312,153324,111615,70989,27112,650344,13873.0,1137569
2022,3,Corrientes,67000,3865,23427,23948,7776,21706,56950,7107.0,211779
2022,3,Entre Ríos,107000,5549,47210,46855,18263,32021,102195,16759.0,375852
2022,3,Formosa,97000,307000,23538,19545,6194,564000,17704,589000.0,1623981
2022,3,Jujuy,58000,1879,19135,15254,36083,519000,45895,0.0,695246
2022,3,La Pampa,68000,1887,61540,9653,11592,5609,22731,3012.0,184024
2022,3,La Rioja,18000,689000,2842,3375,24219,5331,50390,0.0,793157
2022,3,Mendoza,103000,2953,44232,21977,48201,17243,150043,4771.0,392420
2022,3,Misiones,51000,3749,36628,20758,12676,19615,80330,8350.0,233106
2022,3,Neuquén,134000,991000,38485,14080,9200,6700,78713,14858.0,1287036
2022,3,Río Negro,111000,1221,32936,17860,27934,13629,42596,24271.0,271447
2022,3,Salta,114000,1490,32923,71199,5662,1000,85661,6491.0,318426
2022,3,San Juan,24000,2027,30324,11247,22157,6780,19221,11619.0,127375
2022,3,San Luis,60000,307000,6563,20813,12061,67438,13,14815.0,488703
2022,3,Santa Cruz,52000,6841,12342,11313,11378,2333,4604,647000.0,747811
2022,3,Santa Fe,468000,11132,132709,198588,70897,57455,396352,20209.0,1355342
2022,3,Santiago Del Estero,178000,1384,28357,58982,16087,910000,12342,792000.0,1997152
2022,3,Tierra Del Fuego,22000,831000,12002,14815,20102,1752,1021,3351.0,906043
2022,3,Tucumán,39000,2047,32571,39018,25214,4348,159600,280000.0,581798
2022,2,Buenos Aires,30639,28323,295238,307554,273954,129869,3535757,65849.0,4667183
2022,2,Capital Federal,517000,5980,36036,72434,55372,31571,1229254,105607.0,2053254
2022,2,Catamarca,71000,413000,3678,6155,7165,3393,43926,2207.0,550524
2022,2,Chaco,461000,1047,17603,20109,8391,15974,76271,3708.0,604103
2022,2,Chubut,109000,1444,45804,31217,34290,14526,15394,20021.0,271696
2022,2,Córdoba,99000,11971,160486,120485,71923,28645,619400,13426.0,1125336
2022,2,Corrientes,67000,3937,24253,24842,8000,21719,55071,7107.0,211929
2022,2,Entre Ríos,107000,5656,48637,48557,18512,32354,98769,16759.0,376244
2022,2,Formosa,97000,407000,23834,19706,6330,591000,16326,590000.0,1751196
2022,2,Jujuy,58000,1829,19458,15790,37786,549000,37391,2453.0,721707
2022,2,La Pampa,68000,1887,62546,9842,11800,5247,17125,3012.0,179459
2022,2,La Rioja,18000,728000,3179,3890,23814,5481,48920,0.0,831284
2022,2,Mendoza,103000,2954,44961,22557,64138,19543,121366,3940.0,382459
2022,2,Misiones,51000,3808,37254,21712,12774,19757,75107,8350.0,229762
2022,2,Neuquén,134000,999000,38826,15066,9205,2039,76982,18717.0,1293835
2022,2,Río Negro,111000,1227,33364,17938,27168,13714,41972,24270.0,270653
2022,2,Salta,114000,1530,33732,72661,6012,1156,81478,6494.0,317063
2022,2,San Juan,24000,2027,30385,11276,24649,3728,16701,11617.0,124383
2022,2,San Luis,60000,306000,6840,21217,11052,67438,13,14815.0,487375
2022,2,Santa Cruz,52000,6841,12348,11369,11885,2454,3592,644000.0,744489
2022,2,Santa Fe,468000,11757,138534,204381,74133,58114,373888,17584.0,1346391
2022,2,Santiago Del Estero,178000,1401,29581,59931,14606,883000,10672,792000.0,1969191
2022,2,Tierra Del Fuego,22000,831000,12052,14828,19968,1712,1006,3351.0,905917
2022,2,Tucumán,39000,2195,34461,43513,23634,4863,145541,281000.0,574207
2022,1,Buenos Aires,31591,30056,313382,321756,290127,161183,3381049,26280.0,4555424
2022,1,Capital Federal,527000,5575,39918,77390,61053,43289,1188072,1717.0,1944014
2022,1,Catamarca,71000,456000,4386,7009,8773,3761,35715,2207.0,588851
2022,1,Chaco,461000,1099,16888,21235,20898,13012,62946,7580.0,604658
2022,1,Chubut,113000,1677,61369,31856,33080,13871,14055,15607.0,284515
2022,1,Córdoba,100000,12782,165922,126009,73967,34892,577027,13104.0,1103703
2022,1,Corrientes,67000,4029,24563,25665,27077,10452,43631,7094.0,209511
2022,1,Entre Ríos,107000,5745,50075,49620,42294,21578,81757,16750.0,374819
2022,1,Formosa,97000,448000,24113,6945,6613,716000,15028,588000.0,1901699
2022,1,Jujuy,58000,1761,22141,16321,37923,576000,35287,2442.0,749875
2022,1,La Pampa,301000,2223,62812,9869,12044,5250,14400,2833.0,410431
2022,1,La Rioja,18000,778000,3576,4692,23624,5645,45970,0.0,879507
2022,1,Mendoza,114000,3355,51230,26407,74178,21566,95048,3287.0,389071
2022,1,Misiones,51000,3873,35655,22261,26855,15854,58610,8349.0,222457
2022,1,Neuquén,137000,1123,39856,15623,11163,2654,71238,7885.0,286542
2022,1,Río Negro,116000,1383,35565,18859,26926,14144,37729,22652.0,273258
2022,1,Salta,114000,1725,35576,68246,6313,2214,76838,6489.0,311401
2022,1,San Juan,26000,2269,32356,11914,25144,2088,11916,2465.0,114152
2022,1,San Luis,61000,643000,8287,3837,9802,68612,13,28589.0,823140
2022,1,Santa Cruz,51000,6898,12710,11502,12277,2628,2551,485000.0,584566
2022,1,Santa Fe,468000,12435,143796,208361,84787,58018,344170,18444.0,1338011
2022,1,Santiago Del Estero,178000,1401,30220,61170,13542,849000,8309,792000.0,1933642
2022,1,Tierra Del Fuego,24000,894000,12849,15640,18034,1767,982,2421.0,969693
2022,1,Tucumán,39000,2212,36028,46961,21014,5211,133846,273000.0,557272
2021,4,Buenos Aires,37821,11026,352950,331292,297296,196021,3259793,22958.0,4509157
2021,4,Capital Federal,563000,1695,47133,81899,66135,66755,1147939,0.0,1974556
2021,4,Catamarca,71000,0,6038,7855,9804,3262,29827,2233.0,130019
2021,4,Chaco,461000,112000,18845,22678,21937,13692,58435,7585.0,716172
2021,4,Chubut,126000,1294,63698,39568,31175,5780,2904,15763.0,286182
2021,4,Córdoba,100000,2479,184548,130892,76246,41198,538700,12607.0,1086670
2021,4,Corrientes,67000,645000,28830,26368,22922,10087,39911,7082.0,847200
2021,4,Entre Ríos,107000,3024,56043,49636,38295,24068,77290,16583.0,371939
2021,4,Formosa,84000,0,22908,6983,6811,1135,13775,1967.0,137579
2021,4,Jujuy,58000,175000,22446,16793,38134,564000,33421,2324.0,910118
2021,4,La Pampa,301000,493000,64840,9082,12259,4821,12184,3027.0,900213
2021,4,La Rioja,18000,1000,5018,5437,23559,5671,43424,0.0,102109
2021,4,Mendoza,156000,1463,66428,30308,75214,18621,75031,366000.0,789065
2021,4,Misiones,51000,5000,41916,23554,26721,15954,54596,8335.0,227076
2021,4,Neuquén,140000,940000,42313,13264,10515,3310,69217,7767.0,1226386
2021,4,Río Negro,156000,1174,38373,19878,31255,4130,36142,22645.0,309597
2021,4,Salta,114000,20000,40673,69324,6642,3535,72622,6475.0,333271
2021,4,San Juan,44000,1442,28906,10955,23978,398000,9800,4435.0,521516
2021,4,San Luis,62000,264000,8550,4276,9107,67363,9,29218.0,444523
2021,4,Santa Cruz,52000,297000,20305,11641,13054,1770,876,491000.0,887646
2021,4,Santa Fe,467000,581000,169706,206856,85690,62349,322015,18777.0,1913393
2021,4,Santiago Del Estero,178000,909000,31915,61524,12205,800000,7537,793000.0,2793181
2021,4,Tierra Del Fuego,26000,385000,13505,16534,16562,1748,1017,2580.0,462946
2021,4,Tucumán,39000,97000,37321,48736,21023,5326,125857,240000.0,614263
2021,3,Buenos Aires,37193,31149,1108940,248153,141383,192797,2482266,9728.0,4251609
2021,3,Capital Federal,295000,603000,156978,67013,39785,73502,1075229,0.0,2310507
2021,3,Catamarca,71000,0,6755,8428,10517,1659,26618,2206.0,127183
2021,3,Chaco,301000,112000,22545,20986,23852,14412,49705,7958.0,552458
2021,3,Chubut,104000,105000,89168,26281,18538,5320,1643,14907.0,364857
2021,3,Córdoba,99000,2452,204989,141285,65050,47198,476459,9256.0,1045689
2021,3,Corrientes,67000,645000,29629,28478,24792,9687,35468,5053.0,845107
2021,3,Entre Ríos,107000,3024,61354,59776,39114,16283,67961,12755.0,367267
2021,3,Formosa,381000,0,22778,7142,6978,1192,12707,1617.0,433414
2021,3,Jujuy,48000,175000,23884,16417,37755,561000,29917,2401.0,894374
2021,3,La Pampa,298000,313000,65063,7395,8737,4022,10506,4152.0,710875
2021,3,La Rioja,18000,1000,5366,5979,23315,4868,42613,0.0,101141
2021,3,Mendoza,36000,31000,151871,12640,62628,7596,21087,50000.0,372822
2021,3,Misiones,51000,5000,41932,25099,26079,14792,42291,8279.0,214472
2021,3,Neuquén,112000,327000,57441,8566,6234,3631,57919,5579.0,578370
2021,3,Río Negro,125000,557000,68991,3730,14880,2282,34011,20009.0,825903
2021,3,Salta,101000,20000,41431,70104,6962,3878,67010,6327.0,316712
2021,3,San Juan,18000,333000,59873,752000,13250,338000,278,4641.0,1519042
2021,3,San Luis,60000,0,11552,2405,6491,67942,22,29392.0,177804
2021,3,Santa Cruz,50000,0,30561,8365,6799,1788,678,735000.0,833191
2021,3,Santa Fe,467000,579000,193207,201250,83941,55080,290793,16267.0,1886538
2021,3,Santiago Del Estero,123000,909000,32752,61838,11274,801000,6863,898000.0,2843727
2021,3,Tierra Del Fuego,17000,0,23723,13397,9782,1433,976,895000.0,961311
2021,3,Tucumán,32000,97000,39446,50293,21986,5300,115154,164000.0,525179
2021,2,Buenos Aires,37192,31178,1096049,244001,140322,236897,2337604,9108.0,4132351
2021,2,Capital Federal,294000,603000,157558,73568,43859,86655,1037752,66000.0,2362392
2021,2,Catamarca,71000,0,7219,9091,6828,4941,25388,2206.0,126673
2021,2,Chaco,301000,112000,23444,21574,24032,16068,47239,7958.0,553315
2021,2,Chubut,104000,105000,89639,22605,16604,3896,1112,5172.0,348028
2021,2,Córdoba,99000,2452,201757,136516,66950,70824,442357,9925.0,1029781
2021,2,Corrientes,67000,645000,29419,27037,24524,10059,32697,5053.0,840789
2021,2,Entre Ríos,107000,3024,63518,55349,39468,18484,61605,16077.0,364525
2021,2,Formosa,381000,0,22364,7310,7460,1341,11077,1618.0,432170
2021,2,Jujuy,48000,175000,24182,16577,37908,607000,29950,2401.0,941018
2021,2,La Pampa,298000,554000,64146,7769,8128,3399,9311,4062.0,948815
2021,2,La Rioja,18000,1000,5312,5971,23298,4825,42158,19000.0,119564
2021,2,Mendoza,36000,31000,137462,10886,56117,4403,20686,50000.0,346554
2021,2,Misiones,51000,5000,41643,25907,25811,16172,38308,8279.0,212120
2021,2,Neuquén,112000,327000,57713,8631,5871,5943,54008,5645.0,576811
2021,2,Río Negro,125000,557000,69356,3663,15019,3867,31488,20009.0,825402
2021,2,Salta,101000,20000,42543,67012,7099,9654,58882,6328.0,312518
2021,2,San Juan,18000,333000,59989,784000,12550,340000,278,4641.0,1552458
2021,2,San Luis,60000,0,11752,2703,5418,65946,22,36917.0,182758
2021,2,Santa Cruz,50000,0,30595,8463,6888,1575,676,735000.0,833197
2021,2,Santa Fe,467000,896000,202018,204077,80452,75195,262124,15371.0,2202237
2021,2,Santiago Del Estero,123000,909000,32034,62224,10359,811000,6064,1566.0,1955247
2021,2,Tierra Del Fuego,17000,0,21335,6913,4580,476000,889,1483.0,528200
2021,2,Tucumán,32000,97000,40224,51648,23732,5022,109616,2680.0,361922
2021,1,Buenos Aires,36939,31187,1108368,240520,163747,222061,2246313,10867.0,4060002
2021,1,Capital Federal,135000,244000,159662,76753,56457,83255,1003041,126000.0,1884168
2021,1,Catamarca,71000,0,7423,8455,10115,712000,22996,2196.0,834185
2021,1,Chaco,301000,112000,24357,22102,27556,14496,42462,8384.0,552357
2021,1,Chubut,106000,109000,86986,21401,15392,2844,1112,4390.0,347125
2021,1,Córdoba,93000,2386,211799,135092,74659,71984,402191,12677.0,1003788
2021,1,Corrientes,67000,527000,31544,26223,26169,9001,27641,5453.0,720031
2021,1,Entre Ríos,105000,2911,67255,56060,42432,15774,54600,12826.0,356858
2021,1,Formosa,56000,0,22409,7569,7916,1215,9579,1942.0,106630
2021,1,Jujuy,49000,175000,23735,17293,40649,568000,25609,2378.0,901664
2021,1,La Pampa,298000,554000,68200,7864,7611,2786,7368,2424.0,948253
2021,1,La Rioja,18000,1000,36749,5968,4604,215000,5074,,285395
2021,1,Mendoza,28000,40000,134386,11216,52533,4061,16615,44000.0,330811
2021,1,Misiones,51000,524000,40949,25503,27101,14050,32953,8256.0,723812
2021,1,Neuquén,116000,327000,56171,8443,5903,5677,50840,5758.0,575792
2021,1,Río Negro,125000,466000,70011,4187,13045,3642,29589,20103.0,731577
2021,1,Salta,109000,20000,40785,68149,9164,8138,54889,6319.0,316444
2021,1,San Juan,25000,194000,60439,858000,11494,340000,276,4641.0,1493850
2021,1,San Luis,58000,0,11889,2926,4429,62913,22,36917.0,177096
2021,1,Santa Cruz,50000,0,30655,8334,6987,1337,647,,96015
2021,1,Santa Fe,518000,891000,201632,204458,91846,65476,236924,24382.0,2233718
2021,1,Santiago Del Estero,123000,909000,33884,58464,8549,700000,4868,4144.0,1841909
2021,1,Tierra Del Fuego,17000,0,21379,1468,4317,486000,919,11836.0,542919
2021,1,Tucumán,29000,97000,42810,53416,25255,4188,103437,2680.0,357786
2020,4,Buenos Aires,36939,31197,1109865,242243,214171,213588,2176242,9016.0,4033261
2020,4,Capital Federal,135000,244000,160210,78123,60208,80269,1000073,268000.0,2025883
2020,4,Catamarca,71000,0,8843,8740,11436,591000,20406,2309.0,713734
2020,4,Chaco,301000,112000,24782,22479,26802,15701,40949,7965.0,551678
2020,4,Chubut,106000,109000,88157,21824,12046,2818,1112,4402.0,345359
2020,4,Córdoba,119000,2386,214963,135262,82221,70013,384169,13568.0,1021582
2020,4,Corrientes,67000,527000,31900,26321,25687,9383,26789,4985.0,719065
2020,4,Entre Ríos,105000,2911,65659,53556,40755,16600,53141,14654.0,352276
2020,4,Formosa,56000,0,23540,7606,7181,1197,8946,1680.0,106150
2020,4,Jujuy,49000,182000,23772,14379,44930,446000,19282,2811.0,782174
2020,4,La Pampa,298000,554000,70184,8124,6562,2396,6257,2520.0,948043
2020,4,La Rioja,18000,1000,36906,6060,4633,181000,4979,0.0,252578
2020,4,Mendoza,28000,40000,146312,11172,40396,3378,11557,2570.0,283385
2020,4,Misiones,51000,524000,39988,26078,26445,14810,32264,7001.0,721586
2020,4,Neuquén,116000,327000,56434,8478,5791,5493,50776,5720.0,575692
2020,4,Río Negro,125000,466000,70305,4153,13131,3512,29372,20146.0,731619
2020,4,Salta,109000,514000,41443,68829,15188,8291,46697,6319.0,809767
2020,4,San Juan,25000,194000,61316,740000,5126,332000,275,4588.0,1362305
2020,4,San Luis,58000,0,14020,3490,2688,62239,22,36918.0,177377
2020,4,Santa Cruz,47000,0,27173,4382,6634,1033,647,758000.0,844869
2020,4,Santa Fe,518000,891000,206372,203793,94246,65144,226246,23602.0,2228403
2020,4,Santiago Del Estero,123000,909000,34518,57590,4666,411000,4520,3932.0,1548226
2020,4,Tierra Del Fuego,17000,0,21881,6119,3497,488000,922,6690.0,544109
2020,4,Tucumán,29000,97000,44095,54334,32155,4105,93594,2680.0,356963
2020,3,Buenos Aires,37542,31514,1113823,234710,219772,194248,2085815,19853.0,3937277
2020,3,Capital Federal,264000,312000,162222,85083,68753,78028,977766,247000.0,2194852
2020,3,Catamarca,63000,0,8276,8768,11195,562000,18886,2154.0,674279
2020,3,Chaco,308000,112000,24675,21639,27546,13751,38729,7194.0,553534
2020,3,Chubut,158000,109000,87559,22114,12217,2818,1110,3942.0,396760
2020,3,Córdoba,168000,3064,218599,124833,84236,63823,361021,11728.0,1035304
2020,3,Corrientes,72000,527000,35190,23315,25308,8615,25344,5020.0,721792
2020,3,Entre Ríos,130000,2911,66648,51478,40797,14377,49395,15759.0,371365
2020,3,Formosa,391000,151000,23163,7432,7125,991000,8219,1737.0,1580676
2020,3,Jujuy,55000,182000,32131,10566,45198,293000,15238,3065.0,636198
2020,3,La Pampa,293000,810000,66695,7820,5577,2189,6322,4029.0,1195632
2020,3,La Rioja,21000,1000,37105,5955,4660,124000,4748,2000.0,200468
2020,3,Mendoza,58000,40000,141404,12123,42433,3448,8237,45000.0,350645
2020,3,Misiones,71000,524000,39005,24215,25942,13663,30987,8779.0,737591
2020,3,Neuquén,218000,327000,60463,6561,5975,5449,49439,803000.0,1475887
2020,3,Río Negro,114000,466000,68986,3769,7096,3455,28488,19093.0,710887
2020,3,Salta,129000,514000,32780,64736,15990,7928,43773,14996.0,823203
2020,3,San Juan,48000,194000,65526,711000,6529,41000,128,4150.0,1070333
2020,3,San Luis,105000,0,12199,3351,2666,61319,8,36917.0,221460
2020,3,Santa Cruz,66000,0,26888,4014,6730,629000,120,833000.0,1565752
2020,3,Santa Fe,568000,1241,213353,199381,92095,58797,210562,27001.0,1370430
2020,3,Santiago Del Estero,133000,909000,33287,57418,4658,292000,3994,4801.0,1438158
2020,3,Tierra Del Fuego,11000,0,22094,5414,3726,481000,937,6992.0,531163
2020,3,Tucumán,52000,97000,45913,54610,33126,3246,84195,2637.0,372727
2020,2,Buenos Aires,37542,31606,1129236,241336,233132,188995,1894466,21233.0,3777546
2020,2,Capital Federal,264000,312000,166474,94585,79858,80160,935481,687000.0,2619558
2020,2,Catamarca,63000,0,8801,8690,10242,426000,16578,3176.0,536487
2020,2,Chaco,308000,928000,24350,21140,29044,12082,33311,6969.0,1362896
2020,2,Chubut,158000,109000,69578,22188,10537,1473,614,3999.0,375389
2020,2,Córdoba,168000,4383,219025,125932,89530,63216,325243,8971.0,1004300
2020,2,Corrientes,72000,527000,34242,22845,25844,7898,22418,5020.0,717267
2020,2,Entre Ríos,130000,3679,66758,50640,42090,12856,43391,14569.0,363983
2020,2,Formosa,391000,151000,23534,7109,6998,961000,7475,1313.0,1549429
2020,2,Jujuy,55000,182000,30548,10519,26829,209000,9417,16557.0,539870
2020,2,La Pampa,293000,810000,71218,7531,3800,1657,3377,1123.0,1191706
2020,2,La Rioja,21000,1000,37375,5661,4686,73000,4336,2000.0,149058
2020,2,Mendoza,58000,40000,142253,12439,35274,3248,5422,2450.0,299086
2020,2,Misiones,71000,524000,39867,23719,26445,12305,28763,8646.0,734745
2020,2,Neuquén,218000,327000,61171,6103,6625,5296,46432,0.0,670627
2020,2,Río Negro,114000,466000,70817,3335,7498,3246,26953,17057.0,708906
2020,2,Salta,129000,514000,41801,64462,16989,7741,39594,6531.0,820118
2020,2,San Juan,48000,194000,59113,917000,4908,40000,127,4430.0,1267578
2020,2,San Luis,105000,0,11439,3585,1934,60889,8,35992.0,218847
2020,2,Santa Cruz,66000,0,26938,4166,6541,546000,119,493000.0,1142764
2020,2,Santa Fe,568000,2061,213054,198772,96575,57236,189473,20193.0,1345364
2020,2,Santiago Del Estero,133000,1779,32557,57709,5178,247000,3328,4516.0,485067
2020,2,Tierra Del Fuego,11000,0,22325,5186,3034,391000,796,7446.0,440787
2020,2,Tucumán,52000,97000,49028,54537,34184,2246,74377,2635.0,366007
2020,1,Buenos Aires,38215,36802,1122034,236421,247977,205780,1802583,28935.0,3718747
2020,1,Capital Federal,264000,312000,169651,102254,89665,85899,906009,0.0,1929478
2020,1,Catamarca,63000,0,8838,7543,9558,408000,10299,2151.0,509389
2020,1,Chaco,308000,928000,23291,19976,29851,10416,28539,6917.0,1354990
2020,1,Chubut,158000,109000,69586,12957,7756,1240,614,4500.0,363653
2020,1,Córdoba,142000,5128,217229,120188,95827,65733,296875,9802.0,952782
2020,1,Corrientes,72000,527000,33479,21382,26679,7351,19467,4780.0,712138
2020,1,Entre Ríos,130000,4081,72280,47132,41125,11988,39794,13762.0,360162
2020,1,Formosa,1127,342000,23761,6500,6564,964000,6918,100000.0,1450870
2020,1,Jujuy,55000,182000,33120,9979,26693,166000,7349,16545.0,496686
2020,1,La Pampa,293000,811000,72740,7199,3029,1342,2113,1618.0,1192041
2020,1,La Rioja,21000,1000,37209,5158,4640,22000,1294,0.0,92301
2020,1,Mendoza,58000,40000,140410,12285,17489,2860,3818,0.0,274862
2020,1,Misiones,71000,524000,36622,21271,26433,11581,26313,10885.0,728105
2020,1,Neuquén,218000,327000,60152,5257,7123,5399,43738,0.0,666669
2020,1,Río Negro,114000,466000,69154,2930,7857,3199,25488,17719.0,706347
2020,1,Salta,129000,514000,38537,63714,17991,8625,34744,6441.0,813052
2020,1,San Juan,48000,194000,59787,1594,1292,40000,127,4779.0,349579
2020,1,San Luis,105000,0,11322,4164,525000,58258,5,36075.0,739824
2020,1,Santa Cruz,67000,11000,27447,4993,5169,529000,119,0.0,644728
2020,1,Santa Fe,696000,2994,217553,196826,104560,48448,173823,17656.0,1457860
2020,1,Santiago Del Estero,133000,1779,33086,56884,3737,135000,2799,4501.0,370786
2020,1,Tierra Del Fuego,11000,1000,22976,5024,1834,196000,518,7046.0,245398
2020,1,Tucumán,52000,97000,49555,50383,31096,1730,67536,0.0,349300
2019,4,Buenos Aires,33489,27537,1177446,262297,247106,452570,1465133,20676.0,3686254
2019,4,Capital Federal,307000,15000,177098,110218,110852,205810,753805,0.0,1679783
2019,4,Catamarca,63000,0,9945,7619,9305,804000,7477,3098.0,904444
2019,4,Chaco,83000,0,25899,18959,30902,13516,21556,6988.0,200820
2019,4,Chubut,158000,4000,69405,12945,7615,1240,614,4121.0,257940
2019,4,Córdoba,142000,0,232781,118232,109330,114111,221742,10350.0,948546
2019,4,Corrientes,72000,0,35055,20620,27367,9981,15744,4995.0,185762
2019,4,Entre Ríos,47000,0,88203,44511,42962,18976,30153,14178.0,285983
2019,4,Formosa,1127,191000,24606,6319,6788,1766,5671,243000.0,480277
2019,4,Jujuy,55000,0,32920,9632,26764,102000,5286,14122.0,245724
2019,4,La Pampa,293000,313000,76747,6900,1951,1287,1342,1566.0,695793
2019,4,La Rioja,21000,0,37846,5045,4763,22000,1305,0.0,91959
2019,4,Mendoza,746000,9000,145139,12955,15237,2165,2628,6901.0,940025
2019,4,Misiones,71000,0,39664,20840,27305,15626,20799,11508.0,206742
2019,4,Neuquén,218000,1000,57370,4439,7357,12059,35001,0.0,335226
2019,4,Río Negro,114000,0,71847,2797,8558,6968,19837,17019.0,241026
2019,4,Salta,149000,1000,42159,67656,15369,14170,25821,7120.0,322295
2019,4,San Juan,48000,1000,60626,1594,1292,40000,127,1246.0,153885
2019,4,San Luis,105000,0,11901,4164,525000,55216,3,36287.0,737571
2019,4,Santa Cruz,67000,0,32368,4346,2224,7000,8,350000.0,462946
2019,4,Santa Fe,698000,0,230234,190664,113527,70998,135576,27472.0,1466471
2019,4,Santiago Del Estero,133000,908000,34911,56309,3756,105000,2449,5017.0,1248442
2019,4,Tierra Del Fuego,11000,0,23593,5050,1848,139000,1962,7789.0,190242
2019,4,Tucumán,55000,0,54544,52017,28916,6405,56707,0.0,253589
2019,3,Buenos Aires,238920,44648,1432722,222812,260505,483572,1246209,42294.0,3971682
2019,3,Capital Federal,104000,368000,269704,120924,138011,258591,655108,0.0,1914338
2019,3,Catamarca,34000,43000,14449,9285,6333,72000,15,2151.0,181233
2019,3,Chaco,69000,1216,32764,28198,13336,12987,16740,6917.0,181158
2019,3,Chubut,74000,840000,62680,13033,7171,1240,614,4500.0,1003238
2019,3,Córdoba,83000,5824,240151,106651,118486,146247,157546,7353.0,865258
2019,3,Corrientes,10000,597000,42231,29628,10348,10388,12674,4780.0,717049
2019,3,Entre Ríos,19000,4446,99656,56161,17064,21216,22645,15107.0,255295
2019,3,Formosa,1110,349000,24943,6049,7117,2262,4443,100000.0,494924
2019,3,Jujuy,27000,885000,31722,9240,26835,56000,3671,16545.0,1056013
2019,3,La Pampa,237000,3289,75849,5922,1611,1359,941,1618.0,327589
2019,3,La Rioja,9000,10000,38657,4786,4887,22000,1307,0.0,90637
2019,3,Mendoza,21000,1269,206821,2958,10093,1263,349,0.0,243753
2019,3,Misiones,47000,1928,43530,29375,11256,16107,16650,12206.0,178052
2019,3,Neuquén,45000,2258,62909,4586,9597,16923,28458,122000.0,291731
2019,3,Río Negro,47000,1234,87435,2348,9779,10176,15505,17719.0,191196
2019,3,Salta,49000,900000,43160,62230,14309,11418,12357,7515.0,1099989
2019,3,San Juan,22000,171000,68315,2245,1267,41000,128,4779.0,310734
2019,3,San Luis,57000,100000,18643,5113,467000,62242,5,36075.0,746078
2019,3,Santa Cruz,28000,84000,31612,4472,1203,27000,4,0.0,176291
2019,3,Santa Fe,640000,8183,242454,193286,107068,84325,97082,19537.0,1391935
2019,3,Santiago Del Estero,39000,1832,35554,55172,3612,86000,1836,34501.0,257507
2019,3,Tierra Del Fuego,6000,14000,32133,4692,1756,82000,226,9648.0,150455
2019,3,Tucumán,16000,110000,71043,47693,24354,843000,20385,0.0,1132475
2019,2,Buenos Aires,199768,46852,1436259,217785,438663,502275,985767,43438.0,3870807
2019,2,Capital Federal,74000,1027,281370,124087,239691,296155,475991,0.0,1492321
2019,2,Catamarca,34000,43000,16631,8670,6049,34000,10,2151.0,144511
2019,2,Chaco,69000,1383,38488,26431,16789,15348,9904,1492.0,178835
2019,2,Chubut,66000,3952,69032,10049,1495,74000,165,4500.0,229193
2019,2,Córdoba,81000,8164,248427,100512,157458,170159,76053,8938.0,850711
2019,2,Corrientes,10000,3012,40424,27774,13114,11928,7119,6080.0,119451
2019,2,Entre Ríos,18000,5905,100687,52316,23196,24221,10664,17206.0,252195
2019,2,Formosa,1110,349000,26512,5399,8384,2639,2258,100000.0,495302
2019,2,Jujuy,27000,940000,26233,8441,26700,27000,2600,21765.0,1079739
2019,2,La Pampa,236000,3289,75406,5191,1366,1445,629,2661.0,325987
2019,2,La Rioja,9000,11000,39819,4297,4857,13000,1298,0.0,83271
2019,2,Mendoza,20000,2522,205165,2971,10092,1256,234,0.0,242240
2019,2,Misiones,47000,2226,45769,27385,15408,18882,8129,12206.0,177005
2019,2,Neuquén,302000,3038,61776,4688,17318,21210,14132,422000.0,846162
2019,2,Río Negro,384000,1354,86366,2201,10291,12407,6907,18519.0,522045
2019,2,Salta,49000,974000,59638,36923,16961,14059,6461,7585.0,1164627
2019,2,San Juan,22000,213000,60913,2177,785000,7000,4,6119.0,1096213
2019,2,San Luis,57000,102000,16575,4964,467000,57236,5,37977.0,742757
2019,2,Santa Cruz,25000,84000,24861,3806,1202,28000,4,0.0,166873
2019,2,Santa Fe,321000,8427,300124,125176,129741,100131,49865,22323.0,1056787
2019,2,Santiago Del Estero,39000,1832,63268,21362,3741,108000,1205,34501.0,272909
2019,2,Tierra Del Fuego,6000,123000,41824,4241,1573,96000,32,0.0,272670
2019,2,Tucumán,16000,157000,78891,44296,24291,628000,18394,0.0,966872
2019,1,Buenos Aires,162513,72296,1429964,202511,576428,576859,705769,6369.0,3732709
2019,1,Capital Federal,74000,7417,283787,131007,330122,365713,283463,0.0,1475509
2019,1,Catamarca,34000,1708,18761,6443,5606,29000,7,2151.0,97676
2019,1,Chaco,69000,3801,38719,25632,18965,12393,6368,1035.0,175913
2019,1,Chubut,66000,3938,71077,6571,787000,74000,165,0.0,1008751
2019,1,Córdoba,81000,20403,242769,96997,200681,127965,50716,6806.0,827337
2019,1,Corrientes,10000,6470,38402,26562,15498,9688,5029,0.0,111649
2019,1,Entre Ríos,18000,9217,107013,50068,28957,18146,7619,12142.0,251162
2019,1,Formosa,1110,3023,23085,5301,9027,2099,1654,0.0,45299
2019,1,Jujuy,27000,2817,30727,7811,4021,30000,1141,37162.0,140679
2019,1,La Pampa,236000,8327,70538,4466,1061,1354,405,698000.0,1020151
2019,1,La Rioja,9000,1169,40285,4088,5216,17000,869,0.0,77627
2019,1,Mendoza,20000,1786,205383,2837,5702,111000,140,0.0,346848
2019,1,Misiones,47000,5946,45266,25890,19111,16552,5167,7654.0,172586
2019,1,Neuquén,1328,3055,52360,1781,21452,17135,11026,6105.0,114242
2019,1,Río Negro,384000,1583,84845,2037,13615,9567,5076,3719.0,504442
2019,1,Salta,49000,4232,59244,36473,22910,10861,2242,1000.0,185962
2019,1,San Juan,22000,229000,62380,266000,520000,3000,2,560000.0,1662382
2019,1,San Luis,57000,120000,21380,53214,345000,6000,2,23577.0,626173
2019,1,Santa Cruz,25000,128000,21990,2731,702000,26000,4,0.0,905725
2019,1,Santa Fe,333000,29350,296798,122959,153212,74575,36502,18591.0,1064987
2019,1,Santiago Del Estero,39000,3372,62895,20691,3959,85000,494,0.0,215411
2019,1,Tierra Del Fuego,6000,131000,38851,3623,641000,80000,29,0.0,900503
2019,1,Tucumán,16000,5188,82240,42877,26210,847000,14839,0.0,1034354
2018,4,Buenos Aires,134673,73761,1422463,194426,577679,949093,265386,19125.0,3636606
2018,4,Capital Federal,74000,7388,283281,143309,330496,437662,186810,0.0,1462946
2018,4,Catamarca,34000,1669,17955,6425,5461,29000,7,2003.0,96520
2018,4,Chaco,69000,3405,36437,25633,18965,12393,6368,0.0,172201
2018,4,Chubut,66000,3917,66061,6215,531000,623000,165,1144.0,1297502
2018,4,Córdoba,81000,24102,228475,97277,201639,128053,48809,8903.0,818258
2018,4,Corrientes,10000,6438,37376,26562,15498,9688,5029,0.0,110591
2018,4,Entre Ríos,18000,8769,94780,50027,29002,18146,7612,13693.0,240029
2018,4,Formosa,1110,3074,22962,5285,9027,2092,1654,0.0,45204
2018,4,Jujuy,27000,2803,30727,7811,4021,30000,1141,43573.0,147076
2018,4,La Pampa,241000,7727,70508,3661,978000,1328,270,923000.0,2225494
2018,4,La Rioja,9000,1164,40285,4088,5216,17000,869,3000.0,80622
2018,4,Mendoza,20000,1463,197450,2494,4726,19000,132,0.0,245265
2018,4,Misiones,47000,5981,43267,26019,19226,16566,5167,0.0,163226
2018,4,Neuquén,1328,3044,52313,1781,21452,17135,11025,6287.0,114365
2018,4,Río Negro,384000,1225,83412,643000,13440,9569,5070,3094.0,1142810
2018,4,Salta,49000,3659,58492,36365,22910,10861,2242,0.0,183529
2018,4,San Juan,22000,1465,59811,180000,312000,1000,1,606000.0,1182277
2018,4,San Luis,57000,109000,19164,53183,119000,62000,2,23635.0,442984
2018,4,Santa Cruz,25000,115000,23107,779000,206000,1000,4,531000.0,1680111
2018,4,Santa Fe,335000,31397,276301,121009,152039,74432,36427,28450.0,1055055
2018,4,Santiago Del Estero,39000,3250,61347,20127,3686,77000,483,326000.0,530893
2018,4,Tierra Del Fuego,6000,27000,29919,6323,9894,24000,67,0.0,103203
2018,4,Tucumán,16000,5244,82089,42766,26111,847000,14839,92000.0,1126049
2018,3,Buenos Aires,991000,80459,1445733,190805,636090,897964,237248,120464.0,4599763
2018,3,Capital Federal,73000,8493,287919,147253,370677,415020,165055,0.0,1467417
2018,3,Catamarca,34000,1994,18475,6358,5320,34000,7,2151.0,102305
2018,3,Chaco,70000,3503,38729,24916,20335,11085,5667,1035.0,175270
2018,3,Chubut,67000,3951,91096,6162,531000,623000,164,0.0,1322373
2018,3,Córdoba,81000,24767,224471,96372,221984,109333,39854,6490.0,804271
2018,3,Corrientes,11000,6754,38364,24953,16601,8357,4419,0.0,110448
2018,3,Entre Ríos,18000,9048,96095,45651,31353,15111,6786,0.0,222044
2018,3,Formosa,1110,3365,22624,5259,9336,1729,1434,0.0,44857
2018,3,Jujuy,345000,3020,29048,7756,4066,39000,623,0.0,428513
2018,3,La Pampa,242000,8417,68507,3153,920000,1189,216,698000.0,1941482
2018,3,La Rioja,9000,1291,40647,4138,5425,20000,339,0.0,80840
2018,3,Mendoza,20000,1525,199297,2476,4727,27000,129,0.0,255154
2018,3,Misiones,48000,5749,39617,24747,21212,14674,4547,0.0,158546
2018,3,Neuquén,1396,2244,55822,1647,23785,15218,9718,6105.0,115935
2018,3,Río Negro,409000,5221,75929,512000,14912,8470,4332,3719.0,1033583
2018,3,Salta,116000,3721,61795,32782,25582,9224,502,0.0,249606
2018,3,San Juan,22000,1326,62525,180000,312000,3000,1,0.0,580852
2018,3,San Luis,57000,109000,19170,52940,119000,63000,2,1902.0,422014
2018,3,Santa Cruz,26000,116000,32815,778000,206000,1000,3,0.0,1159818
2018,3,Santa Fe,467000,36786,269211,115907,162545,62479,31266,13911.0,1159105
2018,3,Santiago Del Estero,41000,2550,60260,19116,3806,64000,265,0.0,190997
2018,3,Tierra Del Fuego,6000,187000,41569,2270,231000,24000,13,0.0,491852
2018,3,Tucumán,16000,5993,81559,43282,27062,941000,12187,0.0,1127083
2018,2,Buenos Aires,1008,81354,1459443,295457,816056,536049,199589,113357.0,3502313
2018,2,Capital Federal,73000,9234,290291,219166,445345,264805,142253,0.0,1444094
2018,2,Catamarca,34000,2414,14624,6112,4347,36000,6,6500.0,104003
2018,2,Chaco,70000,2968,34167,24282,21887,9251,4630,1035.0,168220
2018,2,Chubut,67000,4471,85598,5369,4000,5000,9,5010.0,176457
2018,2,Córdoba,81000,21779,219630,102596,244291,78852,34950,8109.0,791207
2018,2,Corrientes,11000,7047,38268,24066,17926,6780,3862,0.0,108949
2018,2,Entre Ríos,18000,8179,94459,44570,34281,12012,5920,0.0,217421
2018,2,Formosa,1110,3568,22409,5176,9727,1313,1243,0.0,44546
2018,2,Jujuy,345000,3320,29319,8083,3977,44000,7,0.0,433706
2018,2,La Pampa,244000,8797,68083,2409,965000,969000,179,698000.0,2955468
2018,2,La Rioja,9000,1384,40679,4198,5640,20000,15,0.0,80916
2018,2,Mendoza,20000,1658,164596,515000,266000,17000,72,33788.0,1018114
2018,2,Misiones,48000,6092,39489,23569,23747,11888,3866,0.0,156651
2018,2,Neuquén,1396,2408,56035,1314,26417,12442,8551,6105.0,114668
2018,2,Río Negro,409000,5298,75056,523000,16480,6663,3725,3975.0,1043197
2018,2,Salta,116000,3990,61763,33285,28431,7239,182,0.0,250890
2018,2,San Juan,22000,1378,57591,11000,0,3000,0,5068.0,100037
2018,2,San Luis,57000,101000,11992,11000,0,7000,2,9284.0,197278
2018,2,Santa Cruz,26000,120000,28600,655000,100000,1000,3,4267.0,934870
2018,2,Santa Fe,744000,34267,262603,112143,175540,50525,26512,22257.0,1427847
2018,2,Santiago Del Estero,41000,2717,41362,18721,3278,31000,31,17589.0,155698
2018,2,Tierra Del Fuego,6000,188000,40912,2217,75000,0,0,107000.0,419129
2018,2,Tucumán,16000,6735,79899,44968,27059,1084,8784,1305.0,185834
2018,1,Buenos Aires,1514,74766,1445752,292732,886678,480237,184203,105818.0,3471700
2018,1,Capital Federal,89000,10039,292566,222737,487826,227953,127384,0.0,1457505
2018,1,Catamarca,34000,2896,14770,6145,3539,41000,4,6500.0,108854
2018,1,Chaco,70000,3261,32516,24488,23296,8219,3897,1035.0,166712
2018,1,Chubut,67000,4314,83161,5358,4000,5000,9,5010.0,173852
2018,1,Córdoba,281000,23922,222815,104300,266259,57137,29228,10049.0,994710
2018,1,Corrientes,11000,5005,37152,24038,19068,5890,3256,0.0,105409
2018,1,Entre Ríos,18000,8861,90080,45599,37401,9818,5071,0.0,214830
2018,1,Formosa,1110,3803,10092,5117,10061,1091,1046,0.0,32320
2018,1,Jujuy,345000,4807,27219,8044,3925,49000,4,0.0,437999
2018,1,La Pampa,245000,8119,67104,1616,1076,614000,98,3503.0,940516
2018,1,La Rioja,9000,1485,40680,4217,5831,19000,1,0.0,80214
2018,1,Mendoza,20000,1662,164599,501000,266000,19000,72,33788.0,1006121
2018,1,Misiones,48000,4700,35820,23291,26223,10241,3219,0.0,151494
2018,1,Neuquén,1396,2367,59468,1311,29012,9709,7378,6105.0,116746
2018,1,Río Negro,409000,5333,74894,530000,17997,4972,3129,3975.0,1049300
2018,1,Salta,116000,4459,60334,33088,30771,5145,88,0.0,249885
2018,1,San Juan,22000,1058,57078,11000,0,3000,0,5068.0,99204
2018,1,San Luis,57000,101000,11920,11000,0,7000,2,9284.0,197206
2018,1,Santa Cruz,26000,120000,28600,655000,100000,1000,3,4267.0,934870
2018,1,Santa Fe,1359,33639,262008,108576,188900,39589,22801,23181.0,680053
2018,1,Santiago Del Estero,41000,2910,41298,18914,3449,33000,2,17589.0,158162
2018,1,Tierra Del Fuego,6000,307000,33987,2000,0,0,0,107000.0,455987
2018,1,Tucumán,16000,7472,78811,45675,26405,1218,7082,1305.0,183968
2017,4,Buenos Aires,3865,55046,1551194,264645,712513,335140,151747,114182.0,3188332
2017,4,Capital Federal,314000,31411,517018,284040,458120,178396,114939,0.0,1897924
2017,4,Catamarca,34000,3182,15315,5904,2927,43000,2,2151.0,106481
2017,4,Chaco,70000,3432,37144,24088,20123,7290,3289,1035.0,166401
2017,4,Chubut,67000,4313,83676,5355,7000,5000,9,0.0,172353
2017,4,Córdoba,291000,25411,280837,102892,217602,40898,24251,8429.0,991320
2017,4,Corrientes,11000,5220,41080,23686,16046,5053,2675,0.0,104760
2017,4,Entre Ríos,1685,9078,95466,45189,30010,7958,4113,0.0,193499
2017,4,Formosa,1110,4061,13220,4867,6996,977000,824,0.0,1008078
2017,4,Jujuy,345000,5364,26566,7721,3507,44000,3,0.0,432161
2017,4,La Pampa,310000,8729,66053,1227,792000,391000,81,3503.0,1572593
2017,4,La Rioja,9000,1488,40777,4083,5813,22000,3,0.0,83164
2017,4,Mendoza,26000,1656,177646,438000,278000,29000,81,0.0,950383
2017,4,Misiones,1053,3900,41723,23131,22262,9091,2735,0.0,103895
2017,4,Neuquén,1396,2372,68036,1325,22781,7528,6300,6105.0,115843
2017,4,Río Negro,409000,5598,81078,485000,12502,3447,2440,3719.0,1002784
2017,4,Salta,636000,4275,73284,32842,18968,3559,84,0.0,769012
2017,4,San Juan,22000,1062,57525,9000,0,2000,2,0.0,91589
2017,4,San Luis,59000,101000,12822,8000,0,1000,7,1902.0,183731
2017,4,Santa Cruz,68000,78000,29073,655000,100000,1000,3,0.0,931076
2017,4,Santa Fe,3109,34132,309998,108939,151329,30736,19602,14119.0,671964
2017,4,Santiago Del Estero,41000,3091,43544,18773,3359,32000,2,0.0,141769
2017,4,Tierra Del Fuego,6000,310000,31334,2000,0,0,0,0.0,349334
2017,4,Tucumán,105000,8164,78750,45241,24318,1303,4367,0.0,267143
2017,3,Buenos Aires,6577,51411,1733479,311652,676137,140812,108400,0.0,3028468
2017,3,Capital Federal,283000,33924,590689,311411,426300,120675,91917,0.0,1857916
2017,3,Catamarca,52000,3204,15383,5758,2563,50000,1,0.0,128909
2017,3,Chaco,95000,3496,40059,23008,20307,3827,2004,0.0,187701
2017,3,Chubut,436000,3989,71843,2336,3000,0,0,0.0,517168
2017,3,Córdoba,327000,26154,309161,100113,189302,38131,16741,0.0,1006602
2017,3,Corrientes,24000,5629,44305,22785,15576,2635,1607,0.0,116537
2017,3,Entre Ríos,1691,7545,98032,42947,29011,3878,2397,0.0,185501
2017,3,Formosa,1063,3716,13752,5187,6056,899000,459,0.0,929233
2017,3,Jujuy,337000,5723,26835,7369,2962,41000,2,0.0,420891
2017,3,La Pampa,343000,8244,64794,855000,588000,327000,51,0.0,2186089
2017,3,La Rioja,16000,1497,40882,3899,5604,23000,3,0.0,90885
2017,3,Mendoza,32000,95000,158461,115000,67000,29000,19,0.0,496480
2017,3,Misiones,1058,4123,42900,22808,23913,3843,1881,0.0,100526
2017,3,Neuquén,2036,1457,72532,1034,20213,7067,4937,0.0,109276
2017,3,Río Negro,422000,5641,83900,306000,10116,2965,1659,0.0,832281
2017,3,Salta,645000,4494,78830,32433,14620,2315,63,0.0,777755
2017,3,San Juan,31000,1077,57582,1000,0,2000,2,0.0,92661
2017,3,San Luis,63000,3000,12325,7000,0,1000,7,0.0,86332
2017,3,Santa Cruz,188000,23000,29102,542000,66000,33000,1,0.0,881103
2017,3,Santa Fe,3116,34019,320017,104453,125339,24536,12982,0.0,624462
2017,3,Santiago Del Estero,69000,3288,40435,18489,3047,30000,2,0.0,164261
2017,3,Tierra Del Fuego,9000,297000,33858,0,0,0,0,0.0,339858
2017,3,Tucumán,109000,8948,83070,45302,20514,1361,655,0.0,268850
2017,2,Buenos Aires,7548,47472,1910156,299009,573298,93059,46178,0.0,2976720
2017,2,Capital Federal,556000,35663,726223,304970,378571,80234,37977,0.0,2119638
2017,2,Catamarca,15000,3318,15655,5325,2342,47000,1,0.0,88641
2017,2,Chaco,191000,3733,42590,22349,18044,3157,545,0.0,281418
2017,2,Chubut,403000,4186,73760,1880,0,0,0,0.0,482826
2017,2,Córdoba,251000,26862,370865,88479,146683,20351,5069,0.0,909309
2017,2,Corrientes,15000,5912,46483,21776,13043,2218,647,0.0,105079
2017,2,Entre Ríos,1680,7944,104422,41800,23524,2604,823,0.0,182797
2017,2,Formosa,1486,3419,14787,4795,4583,749000,139,0.0,778209
2017,2,Jujuy,311000,5877,26915,6974,2538,42000,1,0.0,395305
2017,2,La Pampa,356000,8633,59045,558000,336000,244000,21,0.0,1561699
2017,2,La Rioja,9000,1554,9304,3599,1796,24000,2,0.0,49255
2017,2,Mendoza,109000,24000,177203,92000,50000,5000,22,0.0,457225
2017,2,Misiones,1010,4447,47244,22033,21599,2892,570,0.0,99795
2017,2,Neuquén,1542,1395,81272,849000,18051,4774,1703,0.0,957737
2017,2,Río Negro,973000,5606,88085,245000,7990,1921,559,0.0,1322161
2017,2,Salta,594000,4719,67576,23185,11333,1068,76,0.0,701957
2017,2,San Juan,15000,193000,58588,0,0,0,4,0.0,266592
2017,2,San Luis,8000,4000,14014,0,0,1000,2,0.0,27016
2017,2,Santa Cruz,188000,24000,30913,541000,66000,33000,0,0.0,882913
2017,2,Santa Fe,4967,38721,311830,92854,97563,16794,4275,0.0,567004
2017,2,Santiago Del Estero,26000,3539,20384,6432,2802,16000,0,0.0,75157
2017,2,Tierra Del Fuego,16000,285000,35409,0,0,0,0,0.0,336409
2017,2,Tucumán,96000,9236,83342,42536,17788,1371,21,0.0,250294
2017,1,Buenos Aires,6017,83918,2057698,402315,523539,90937,22299,0.0,3186723
2017,1,Capital Federal,510000,1409,678922,218487,277195,66536,19881,0.0,1772430
2017,1,Catamarca,15000,3328,15861,4901,2161,49000,0,0.0,90251
2017,1,Chaco,191000,3835,44544,21467,15671,3025,314,0.0,279856
2017,1,Chubut,401000,4182,73759,1808,0,0,0,0.0,480749
2017,1,Córdoba,50000,28732,391556,82011,118643,19035,2071,0.0,692048
2017,1,Corrientes,15000,6040,48149,20586,11468,2044,303,0.0,103590
2017,1,Entre Ríos,1680,8080,108379,39146,20562,2254,317,0.0,180418
2017,1,Formosa,1535,3538,15473,4446,4058,635000,22,0.0,664072
2017,1,Jujuy,330000,6213,27824,6486,2306,44000,0,0.0,416829
2017,1,La Pampa,362000,9279,57739,331000,192000,165000,11,0.0,1117029
2017,1,La Rioja,9000,1578,9486,3409,1718,22000,2,0.0,47193
2017,1,Mendoza,106000,15000,177201,86000,50000,5000,22,0.0,439223
2017,1,Misiones,1010,4665,45950,23847,19356,2627,166,0.0,97621
2017,1,Neuquén,1547,1418,83813,902000,15130,4223,458,0.0,1008589
2017,1,Río Negro,986000,5647,89622,246000,6738,1594,200,0.0,1335801
2017,1,Salta,579000,4861,70922,21554,9386,267000,74,0.0,952797
2017,1,San Juan,8000,192000,58588,0,0,0,4,0.0,258592
2017,1,San Luis,8000,4000,14014,0,0,1000,2,0.0,27016
2017,1,Santa Cruz,190000,23000,31078,474000,68000,30000,0,0.0,816078
2017,1,Santa Fe,4966,39463,340418,77152,83008,15775,1831,0.0,562613
2017,1,Santiago Del Estero,26000,3772,21659,6218,2786,17000,0,0.0,77435
2017,1,Tierra Del Fuego,16000,285000,35409,0,0,0,0,0.0,336409
2017,1,Tucumán,96000,9682,86470,39155,15951,1383,13,0.0,248654
2016,4,Buenos Aires,6055,86281,2085605,403575,467398,72348,17279,0.0,3138541
2016,4,Capital Federal,517000,1477,704324,225723,264582,53506,16756,0.0,1783368
2016,4,Catamarca,15000,3478,16519,4889,2077,54000,0,0.0,95963
2016,4,Chaco,191000,3983,45634,21323,14887,2586,250,0.0,279663
2016,4,Chubut,401000,4493,73951,1352,0,0,0,0.0,480796
2016,4,Córdoba,50000,29380,404645,77966,108368,15458,1606,0.0,687423
2016,4,Corrientes,15000,6109,48995,20187,10908,1645,234,0.0,103078
2016,4,Entre Ríos,1680,8253,110296,38491,19509,1801,280,0.0,180310
2016,4,Formosa,1573,3519,15791,4114,3855,649000,17,0.0,677869
2016,4,Jujuy,303000,6225,27778,6143,2134,43000,0,0.0,388280
2016,4,La Pampa,368000,9789,56694,16000,335000,132000,11,0.0,917494
2016,4,La Rioja,9000,1646,9635,3334,1675,13000,3,0.0,38293
2016,4,Mendoza,114000,16000,177194,79000,49000,5000,20,0.0,440214
2016,4,Misiones,1010,4783,47454,23433,18371,2215,126,0.0,97392
2016,4,Neuquén,1539,1406,84859,792000,14153,3073,271,0.0,897301
2016,4,Río Negro,998000,2953,92967,248000,6317,1174,122,0.0,1349533
2016,4,Salta,577000,5027,71636,20787,8611,239000,70,0.0,922131
2016,4,San Juan,8000,220000,58608,0,0,0,4,0.0,286612
2016,4,San Luis,8000,4000,14014,0,0,1000,2,0.0,27016
2016,4,Santa Cruz,189000,23000,31369,342000,80000,10000,0,0.0,675369
2016,4,Santa Fe,4966,40102,349722,74401,77667,13155,1529,0.0,561542
2016,4,Santiago Del Estero,26000,3925,22246,6178,2664,15000,0,0.0,76013
2016,4,Tierra Del Fuego,16000,285000,35409,0,0,0,0,0.0,336409
2016,4,Tucumán,96000,10021,87994,37721,14389,1400,10,0.0,247535
2016,3,Buenos Aires,5856,107945,2148475,393530,399116,52900,13318,0.0,3121140
2016,3,Capital Federal,331000,995000,759028,208249,240856,38341,13886,0.0,2586360
2016,3,Catamarca,15000,4038,16183,4845,1853,50000,0,0.0,91919
2016,3,Chaco,190000,5227,46821,21193,13746,2021,217,0.0,279225
2016,3,Chubut,466000,5190,74375,674000,0,0,0,0.0,1219565
2016,3,Córdoba,48000,41329,415075,75988,99225,11691,1322,0.0,692630
2016,3,Corrientes,15000,7425,49471,19956,10006,1263,210,0.0,103331
2016,3,Entre Ríos,1768,10657,110844,38665,17737,1307,248,0.0,181226
2016,3,Formosa,1723,4277,15581,3964,3658,648000,10,0.0,677213
2016,3,Jujuy,286000,6878,27425,5943,1978,31000,0,0.0,359224
2016,3,La Pampa,374000,10187,55792,15000,224000,114000,11,0.0,792990
2016,3,La Rioja,9000,2349,9686,3316,1562,11000,2,0.0,36915
2016,3,Mendoza,37000,10000,178186,73000,48000,5000,17,0.0,351203
2016,3,Misiones,1010,6030,48871,23394,17043,1559,91,0.0,97998
2016,3,Neuquén,1531,1527,87404,680000,12541,2118,225,0.0,785346
2016,3,Río Negro,1006,6026,90689,207000,5953,790000,99,0.0,1100773
2016,3,Salta,1107,6922,71214,20229,8099,197000,50,0.0,304621
2016,3,San Juan,8000,245000,58577,0,0,0,2,0.0,311579
2016,3,San Luis,7000,4000,14077,0,0,1000,2,0.0,26079
2016,3,Santa Cruz,189000,22000,31904,221000,52000,9000,0,0.0,524904
2016,3,Santa Fe,3958,49501,360606,72657,69864,10210,1308,0.0,568104
2016,3,Santiago Del Estero,26000,5097,22747,6216,2497,9000,0,0.0,71557
2016,3,Tierra Del Fuego,16000,285000,35080,0,0,0,0,0.0,336080
2016,3,Tucumán,127000,12247,87970,36518,13150,1288,4,0.0,278177
2016,2,Buenos Aires,10786,133385,2250898,335296,334723,31494,11933,0.0,3108515
2016,2,Capital Federal,4352,1736,859039,146091,213010,19597,13477,0.0,1257302
2016,2,Catamarca,15000,5736,14742,4567,1496,47000,1,0.0,88542
2016,2,Chaco,197000,8063,45823,20346,12090,1571,201,0.0,285094
2016,2,Chubut,572000,5421,73078,775000,0,0,0,0.0,1425499
2016,2,Córdoba,258000,57050,437547,71980,82618,8355,1242,0.0,916792
2016,2,Corrientes,41000,10018,47916,19200,8851,803000,191,0.0,930176
2016,2,Entre Ríos,4734,16367,115000,36917,15522,849000,205,0.0,1037745
2016,2,Formosa,1675,5401,14370,3569,3218,593000,10,0.0,621243
2016,2,Jujuy,2561,8292,25301,5589,1750,3000,0,0.0,46493
2016,2,La Pampa,429000,10616,63928,15000,119000,96000,11,0.0,733555
2016,2,La Rioja,10000,3151,9043,3190,1344,3000,5,0.0,29733
2016,2,Mendoza,437000,30000,176922,61000,44000,5000,20,0.0,753942
2016,2,Misiones,1973,7899,49586,21385,14820,1073,96,0.0,96832
2016,2,Neuquén,1916,1691,88854,583000,10241,1285,208,0.0,687195
2016,2,Río Negro,1189,6107,92158,194000,4877,520000,86,0.0,818417
2016,2,Salta,2160,10123,70875,18759,7129,140000,49,0.0,249095
2016,2,San Juan,10000,273000,57589,0,0,0,4,0.0,340593
2016,2,San Luis,12000,4000,13931,0,0,1000,2,0.0,30933
2016,2,Santa Cruz,244000,26000,31995,142000,20000,0,0,0.0,463995
2016,2,Santa Fe,9486,67325,374960,68505,60469,6509,1277,0.0,588531
2016,2,Santiago Del Estero,704000,6705,22208,5943,2108,1000,0,0.0,741964
2016,2,Tierra Del Fuego,16000,286000,38773,0,0,0,0,0.0,340773
2016,2,Tucumán,231000,18515,83945,33891,11310,1032,2,0.0,379695
2016,1,Buenos Aires,7351,97880,2214760,289929,247372,8315,9529,0.0,2875136
2016,1,Capital Federal,2310,43686,869048,178665,192644,6577,10838,0.0,1303768
2016,1,Catamarca,15000,6102,14653,4241,1334,42000,1,0.0,83331
2016,1,Chaco,194000,8755,46304,19388,10587,1238,184,0.0,280456
2016,1,Chubut,94000,5095,72396,1066,0,0,0,0.0,172557
2016,1,Córdoba,148000,59484,414452,65763,66455,4143,1039,0.0,759336
2016,1,Corrientes,29000,10690,47833,18375,7911,526000,170,0.0,639979
2016,1,Entre Ríos,2864,17749,104137,35104,14057,457000,165,0.0,631076
2016,1,Formosa,1738,5731,14163,3229,2906,544000,5,0.0,571772
2016,1,Jujuy,2543,8558,22383,5188,1623,0,0,0.0,40295
2016,1,La Pampa,426000,11065,52117,15000,78000,71000,11,0.0,653193
2016,1,La Rioja,10000,3382,9060,2980,1254,2000,3,0.0,28679
2016,1,Mendoza,235000,21000,175376,47000,43000,5000,17,0.0,526393
2016,1,Misiones,959000,8502,50061,19195,13363,779000,68,0.0,1829189
2016,1,Neuquén,1720,1737,86310,479000,7893,143000,171,0.0,719831
2016,1,Río Negro,1171,6105,90038,203000,4246,77000,81,0.0,381641
2016,1,Salta,1119,10765,65646,17748,6643,119000,31,0.0,220952
2016,1,San Juan,9000,309000,56447,0,0,0,2,0.0,374449
2016,1,San Luis,8000,4000,13645,0,0,1000,2,0.0,26647
2016,1,Santa Cruz,168000,29000,32188,8000,0,0,0,0.0,237188
2016,1,Santa Fe,6492,71565,353525,64117,51293,3754,1063,0.0,551809
2016,1,Santiago Del Estero,703000,7219,22805,5769,1898,0,0,0.0,740691
2016,1,Tierra Del Fuego,16000,285000,33003,0,0,0,0,0.0,334003
2016,1,Tucumán,106000,20092,84008,31490,10046,871000,0,0.0,1122636
2015,4,Buenos Aires,7985,100303,2253197,274560,240188,3835,8180,0.0,2888248
2015,4,Capital Federal,2417,46568,916813,172029,198635,3087,10899,0.0,1350448
2015,4,Catamarca,15000,6513,14484,4106,1313,39000,1,0.0,80417
2015,4,Chaco,194000,9593,46771,18608,10092,1136,159,0.0,280359
2015,4,Chubut,625000,5774,71881,168000,0,0,0,0.0,870655
2015,4,Córdoba,148000,63746,427471,62989,67151,3336,1088,0.0,773781
2015,4,Corrientes,29000,11248,48104,17877,7569,456000,150,0.0,569948
2015,4,Entre Ríos,2865,18883,104224,33989,13668,399000,163,0.0,572792
2015,4,Formosa,1791,6081,14279,2704,2713,519000,4,0.0,546572
2015,4,Jujuy,2551,8876,21867,5044,1587,0,0,0.0,39925
2015,4,La Pampa,592000,12951,48798,16000,63000,49000,10,0.0,781759
2015,4,La Rioja,10000,3638,9127,2937,1215,2000,3,0.0,28920
2015,4,Mendoza,241000,23000,174719,38000,41000,5000,13,0.0,522732
2015,4,Misiones,959000,9169,51029,17281,13690,675000,52,0.0,1725221
2015,4,Neuquén,1727,2061,89678,455000,7934,9000,175,0.0,565575
2015,4,Río Negro,3282,4473,89062,201000,4024,5000,75,0.0,306916
2015,4,Salta,1122,11387,65677,17139,6507,99000,5,0.0,200837
2015,4,San Juan,9000,386000,55761,0,0,0,2,0.0,450763
2015,4,San Luis,8000,4000,13473,0,0,1000,2,0.0,26475
2015,4,Santa Cruz,188000,26000,32338,3000,0,0,0,0.0,249338
2015,4,Santa Fe,6659,75770,361264,60985,51258,3079,1189,0.0,560204
2015,4,Santiago Del Estero,703000,7836,23074,5669,1856,0,0,0.0,741435
2015,4,Tierra Del Fuego,16000,285000,32662,0,0,0,0,0.0,333662
2015,4,Tucumán,107000,21800,83887,29942,9507,837000,0,0.0,1089136
2015,3,Buenos Aires,8361,107351,2266948,262564,200491,2642,7720,0.0,2856077
2015,3,Capital Federal,2448,49340,942525,159618,175594,2028,10022,0.0,1341575
2015,3,Catamarca,15000,6871,14206,4143,812000,43000,1,0.0,895221
2015,3,Chaco,240000,10353,47131,19016,7498,979000,157,0.0,1303155
2015,3,Chubut,641000,5886,71668,167000,0,0,0,0.0,885554
2015,3,Córdoba,150000,68765,429787,61109,59372,2582,1048,0.0,772663
2015,3,Corrientes,33000,11921,48127,18168,6111,453000,146,0.0,570473
2015,3,Entre Ríos,2863,20385,103990,34788,9924,384000,153,0.0,556103
2015,3,Formosa,1862,6521,14354,2791,1842,379000,2,0.0,406372
2015,3,Jujuy,2549,9278,21588,5169,966000,0,0,0.0,1004584
2015,3,La Pampa,613000,13087,47660,9000,55000,39000,10,0.0,776757
2015,3,La Rioja,10000,3840,9102,2984,832000,0,3,0.0,857929
2015,3,Mendoza,256000,25000,173430,45000,18000,5000,13,0.0,522443
2015,3,Misiones,958000,9809,51234,17367,11654,559000,43,0.0,1607107
2015,3,Neuquén,1733,2124,85044,210000,6599,2000,155,0.0,307655
2015,3,Río Negro,3372,4457,88691,99000,3826,1000,62,0.0,200408
2015,3,Salta,1126,12223,65405,17451,4318,61000,5,0.0,161528
2015,3,San Juan,9000,391000,54963,0,0,0,2,0.0,454965
2015,3,San Luis,9000,4000,13286,0,0,1000,2,0.0,27288
2015,3,Santa Cruz,190000,25000,32266,2000,0,0,0,0.0,249266
2015,3,Santa Fe,6767,80817,363177,59531,42021,2320,1133,0.0,555766
2015,3,Santiago Del Estero,703000,8332,23158,5956,1249,0,0,0.0,741695
2015,3,Tierra Del Fuego,15000,285000,36408,2000,0,0,0,0.0,338408
2015,3,Tucumán,107000,23687,83654,29998,6232,623000,0,0.0,873571
2015,2,Buenos Aires,8714,137189,2299705,243503,159922,2009,6712,0.0,2857754
2015,2,Capital Federal,2493,51799,990112,148569,142976,1482,9258,0.0,1346689
2015,2,Catamarca,15000,7253,14003,3776,593000,37000,1,0.0,670033
2015,2,Chaco,288000,11058,47551,17675,6337,788000,149,0.0,1158770
2015,2,Chubut,656000,6032,55791,168000,0,0,0,0.0,885823
2015,2,Córdoba,156000,72695,434717,54993,46415,1956,903,0.0,767679
2015,2,Corrientes,34000,12542,48015,17184,5039,379000,126,0.0,495906
2015,2,Entre Ríos,2864,21986,104043,32293,7867,354000,136,0.0,523189
2015,2,Formosa,1881,6907,14247,2436,1324,257000,1,0.0,283796
2015,2,Jujuy,2479,9474,20248,4792,730000,0,0,0.0,766993
2015,2,La Pampa,5737,8182,46235,27000,24000,25000,10,0.0,136164
2015,2,La Rioja,10000,4082,9093,2680,641000,0,3,0.0,666858
2015,2,Mendoza,268000,26000,170451,42000,16000,5000,13,0.0,527464
2015,2,Misiones,958000,10360,51671,15022,10072,408000,33,0.0,1453158
2015,2,Neuquén,1755,2348,82727,214000,5168,2000,110,0.0,308108
2015,2,Río Negro,3413,4525,87362,97000,3240,1000,51,0.0,196591
2015,2,Salta,1123,13020,64737,16241,3114,29000,5,0.0,127240
2015,2,San Juan,8000,410000,51568,0,0,0,2,0.0,469570
2015,2,San Luis,9000,4000,13204,0,0,1000,2,0.0,27206
2015,2,Santa Cruz,210000,25000,25519,2000,0,0,0,0.0,262519
2015,2,Santa Fe,6827,86016,364441,53205,33894,1856,1014,0.0,547253
2015,2,Santiago Del Estero,703000,8779,23456,5553,888000,0,0,0.0,1628788
2015,2,Tierra Del Fuego,15000,285000,36073,2000,0,0,0,0.0,338073
2015,2,Tucumán,107000,25178,83462,26966,4502,455000,0,0.0,702108
2015,1,Buenos Aires,8882,123589,2267852,220070,126958,1561,5700,0.0,2754612
2015,1,Capital Federal,2545,59084,1013510,134151,114569,1195,8401,0.0,1333455
2015,1,Catamarca,13000,7634,13754,3202,517000,9000,1,0.0,563591
2015,1,Chaco,26000,12053,47425,15883,5346,489000,135,0.0,595842
2015,1,Chubut,651000,6176,57333,102000,0,0,0,0.0,816509
2015,1,Córdoba,157000,78427,432802,46574,37443,1615,815,0.0,754676
2015,1,Corrientes,36000,13295,47842,15554,4424,235000,98,0.0,352213
2015,1,Entre Ríos,2867,23951,104168,28113,6926,274000,119,0.0,440144
2015,1,Formosa,1891,7336,14413,2024,878000,157000,1,0.0,1060665
2015,1,Jujuy,2458,9754,19858,3939,603000,0,0,0.0,639009
2015,1,La Pampa,6059,8054,45038,26000,10000,13000,10,0.0,108161
2015,1,La Rioja,11000,4201,9379,2207,533000,0,3,0.0,559790
2015,1,Mendoza,287000,24000,169763,38000,16000,6000,11,0.0,540774
2015,1,Misiones,958000,11136,51906,12387,8543,194000,26,0.0,1235998
2015,1,Neuquén,1895,2577,80787,170000,4067,2000,76,0.0,261402
2015,1,Río Negro,3371,4913,86173,94000,2632,2000,42,0.0,193131
2015,1,Salta,1123,14151,64992,13955,2569,15000,5,0.0,111795
2015,1,San Juan,8000,445000,51346,0,0,0,2,0.0,504348
2015,1,San Luis,10000,8000,12720,0,1000,0,2,0.0,31722
2015,1,Santa Cruz,205000,27000,26048,2000,0,0,0,0.0,260048
2015,1,Santa Fe,6883,93096,360964,45270,27597,1542,900,0.0,536252
2015,1,Santiago Del Estero,701000,9236,23136,4796,748000,0,0,0.0,1486168
2015,1,Tierra Del Fuego,14000,609000,36319,2000,0,0,0,0.0,661319
2015,1,Tucumán,107000,27143,83895,23061,3722,334000,0,0.0,578821
2014,4,Buenos Aires,8226,132937,2250445,203620,104322,997000,5406,0.0,3701956
2014,4,Capital Federal,2698,62896,1038269,123451,95772,890000,7997,0.0,2221083
2014,4,Catamarca,21000,8047,14093,2910,421000,0,1,0.0,467051
2014,4,Chaco,483000,12837,42106,7908,2600,124000,2,0.0,672453
2014,4,Chubut,1858,6218,60392,70000,0,0,0,0.0,138468
2014,4,Córdoba,1903,85362,427844,41947,30858,1177,782,0.0,589873
2014,4,Corrientes,40000,13860,42182,7513,2106,0,9,0.0,105670
2014,4,Entre Ríos,2311,27801,88649,18318,3584,1000,66,0.0,141729
2014,4,Formosa,1947,7830,14058,1852,473000,47000,1,0.0,545688
2014,4,Jujuy,1880,10427,19740,3443,465000,0,0,0.0,500490
2014,4,La Pampa,6266,6879,36520,26000,5000,4000,10,0.0,84675
2014,4,La Rioja,9000,4333,9728,1943,386000,0,3,0.0,411007
2014,4,Mendoza,303000,19000,169222,36000,14000,5000,12,0.0,546234
2014,4,Misiones,547000,11840,53093,8731,2952,54000,12,0.0,677628
2014,4,Neuquén,1731,2744,80938,126000,3621,2000,66,0.0,217100
2014,4,Río Negro,3640,4723,85094,94000,2319,4000,30,0.0,193806
2014,4,Salta,54000,16213,63221,12552,1922,0,4,0.0,147912
2014,4,San Juan,11000,478000,51628,0,0,0,2,0.0,540630
2014,4,San Luis,9000,0,13135,0,0,1000,2,0.0,23137
2014,4,Santa Cruz,156000,1400,24145,1000,1000,0,0,0.0,183545
2014,4,Santa Fe,8707,99962,359293,36718,21098,869000,824,0.0,1395602
2014,4,Santiago Del Estero,1246,8913,24181,4359,602000,0,0,0.0,640699
2014,4,Tierra Del Fuego,12000,283000,31489,2000,0,0,0,0.0,328489
2014,4,Tucumán,17000,28746,85091,20631,2733,196000,0,0.0,350201
2014,3,Buenos Aires,7355,128187,2281524,156693,68947,243000,4232,0.0,2889938
2014,3,Capital Federal,840000,78016,1060145,102170,70907,95000,6626,0.0,2252864
2014,3,Catamarca,19000,8845,13790,1915,111000,0,0,0.0,154550
2014,3,Chaco,398000,14731,41934,5428,1274,5000,0,0.0,466367
2014,3,Chubut,2013,6281,60771,34000,0,0,0,0.0,103065
2014,3,Córdoba,660000,98992,435692,28992,18888,84000,664,0.0,1327228
2014,3,Corrientes,21000,15448,41717,5181,1172,0,0,0.0,84518
2014,3,Entre Ríos,1709,29710,91450,12569,1310,0,48,0.0,136796
2014,3,Formosa,2001,8323,14202,1324,85000,0,0,0.0,110850
2014,3,Jujuy,127000,10979,20216,2305,82000,0,0,0.0,242500
2014,3,La Pampa,6458,6645,41009,24000,5000,4000,10,0.0,87122
2014,3,La Rioja,10000,4785,9720,1337,61000,0,0,0.0,86842
2014,3,Mendoza,35000,0,167763,31000,12000,13000,1,0.0,258764
2014,3,Misiones,640000,13637,53510,5928,1606,0,1,0.0,714682
2014,3,Neuquén,1522,3099,80090,107000,2865,10000,27,0.0,204603
2014,3,Río Negro,3640,5189,86868,87000,1944,8000,9,0.0,192650
2014,3,Salta,732000,17481,66026,8314,388000,0,0,0.0,1211821
2014,3,San Juan,8000,487000,51276,0,0,0,0,0.0,546276
2014,3,San Luis,8000,0,13029,0,0,3000,0,0.0,24029
2014,3,Santa Cruz,195000,1624,24248,1000,1000,0,0,0.0,222872
2014,3,Santa Fe,8230,112593,357615,23962,12124,38000,806,0.0,553330
2014,3,Santiago Del Estero,791000,9914,23826,2867,142000,0,0,0.0,969607
2014,3,Tierra Del Fuego,12000,336000,32348,2000,0,0,0,0.0,382348
2014,3,Tucumán,6000,32716,84668,14101,559000,4000,0,0.0,700485
2014,2,Buenos Aires,6902,162274,2288772,140226,56549,284000,4309,0.0,2943032
2014,2,Capital Federal,847000,81431,1078213,87359,56004,59000,6427,0.0,2215434
2014,2,Catamarca,19000,8844,13794,1915,111000,0,0,0.0,154553
2014,2,Chaco,412000,14854,41530,5418,1085,5000,0,0.0,479887
2014,2,Chubut,2064,6582,61868,0,0,0,0,0.0,70514
2014,2,Córdoba,2105,101598,429536,28698,14824,76000,627,0.0,653388
2014,2,Corrientes,20000,15563,41219,5199,956000,0,0,0.0,1037981
2014,2,Entre Ríos,2187,32781,86757,12564,1162,0,44,0.0,135495
2014,2,Formosa,2032,8218,13944,1321,85000,0,0,0.0,110515
2014,2,Jujuy,1873,11233,18851,2305,82000,0,0,0.0,116262
2014,2,La Pampa,7032,6761,34089,18000,5000,4000,10,0.0,74892
2014,2,La Rioja,10000,4785,9719,1337,61000,0,0,0.0,86841
2014,2,Mendoza,35000,6000,166710,31000,10000,5000,10,0.0,253720
2014,2,Misiones,540000,13644,53245,5924,1334,2000,0,0.0,616147
2014,2,Neuquén,1531,3206,79087,92000,2289,2000,30,0.0,180143
2014,2,Río Negro,3468,5507,84978,78000,1569,2000,8,0.0,175530
2014,2,Salta,53000,18818,64440,8293,388000,0,0,0.0,532551
2014,2,San Juan,10000,507000,51129,0,0,0,0,0.0,568129
2014,2,San Luis,7000,0,13045,0,0,1000,2,0.0,21047
2014,2,Santa Cruz,153000,1637,25374,2000,0,0,0,0.0,182011
2014,2,Santa Fe,8515,115197,353559,23939,10058,34000,792,0.0,546060
2014,2,Santiago Del Estero,1231,9914,23842,2867,142000,0,0,0.0,179854
2014,2,Tierra Del Fuego,12000,334000,31198,2000,0,0,0,0.0,379198
2014,2,Tucumán,6000,32714,84675,14101,559000,4000,0,0.0,700490
2014,1,Buenos Aires,8469,171244,2279875,121787,38923,206000,4037,0.0,2830335
2014,1,Capital Federal,852000,88826,1096050,70293,38798,55000,6208,0.0,2207175
2014,1,Catamarca,19000,9147,13330,1672,64000,0,0,0.0,107149
2014,1,Chaco,438000,15849,40869,4644,741000,5000,0,0.0,1245362
2014,1,Chubut,7452,10000,61329,0,0,0,0,0.0,78781
2014,1,Córdoba,2076,107705,423114,24112,9818,40000,588,0.0,607413
2014,1,Corrientes,20000,16357,40742,4486,630000,0,0,0.0,711585
2014,1,Entre Ríos,2177,35206,85248,10828,746000,0,43,0.0,879502
2014,1,Formosa,2062,8475,13685,1133,67000,0,0,0.0,92355
2014,1,Jujuy,1832,11498,18415,2001,56000,0,0,0.0,89746
2014,1,La Pampa,7434,6535,32501,17000,5000,4000,10,0.0,72480
2014,1,La Rioja,10000,5111,9390,1165,35000,0,0,0.0,60666
2014,1,Mendoza,35000,6000,166655,19000,10000,6000,9,0.0,242664
2014,1,Misiones,545000,14460,52852,5139,958000,0,0,0.0,1575451
2014,1,Neuquén,4133,987000,77148,84000,1582,2000,22,0.0,1155885
2014,1,Río Negro,4670,4618,84304,73000,1062,1000,8,0.0,168662
2014,1,Salta,53000,19677,64061,7192,314000,0,0,0.0,457930
2014,1,San Juan,531000,2000,51056,0,0,0,0,0.0,584056
2014,1,San Luis,7000,3000,12544,0,1000,0,2,0.0,23546
2014,1,Santa Cruz,161000,1625,24972,1000,1000,0,0,0.0,189597
2014,1,Santa Fe,8456,124468,345225,20328,6845,23000,668,0.0,528990
2014,1,Santiago Del Estero,1234,10531,22817,2422,109000,0,0,0.0,146004
2014,1,Tierra Del Fuego,12000,607000,30902,6000,0,0,0,0.0,655902
2014,1,Tucumán,6000,34672,83210,11779,362000,3000,0,0.0,500661
